OverallQual,GrLivArea,GarageCars,Neighborhood,ExterQual,KitchenQual,BsmtQual,Foundation,GarageFinish,GarageType,SaleCondition,MSZoning,HouseStyle,SalePrice
7,1710,2,CollgCr,Gd,Gd,Gd,PConc,RFn,Attchd,Normal,RL,2Story,208500
6,1262,2,Veenker,TA,TA,Gd,CBlock,RFn,Attchd,Normal,RL,1Story,181500
7,1786,2,CollgCr,Gd,Gd,Gd,PConc,RFn,Attchd,Normal,RL,2Story,223500
7,1717,3,Crawfor,TA,Gd,TA,BrkTil,Unf,Detchd,Abnorml,RL,2Story,140000
8,2198,3,NoRidge,Gd,Gd,Gd,PConc,RFn,Attchd,Normal,RL,2Story,250000
5,1362,2,Mitchel,TA,TA,Gd,Wood,Unf,Attchd,Normal,RL,1.5Fin,143000
8,1694,2,Somerst,Gd,Gd,Ex,PConc,RFn,Attchd,Normal,RL,1Story,307000
7,2090,2,NWAmes,TA,TA,Gd,CBlock,RFn,Attchd,Normal,RL,2Story,200000
7,1774,2,OldTown,TA,TA,TA,BrkTil,Unf,Detchd,Abnorml,RM,1.5Fin,129900
5,1077,1,BrkSide,TA,TA,TA,BrkTil,RFn,Attchd,Normal,RL,1.5Unf,118000
5,1040,1,Sawyer,TA,TA,TA,CBlock,Unf,Detchd,Normal,RL,1Story,129500
9,2324,3,NridgHt,Ex,Ex,Ex,PConc,Fin,BuiltIn,Partial,RL,2Story,345000
5,912,1,Sawyer,TA,TA,TA,CBlock,Unf,Detchd,Normal,RL,1Story,144000
7,1494,3,CollgCr,Gd,Gd,Gd,PConc,RFn,Attchd,Partial,RL,1Story,279500
6,1253,1,NAmes,TA,TA,TA,CBlock,RFn,Attchd,Normal,RL,1Story,157000
7,854,2,BrkSide,TA,TA,TA,BrkTil,Unf,Detchd,Normal,RM,1.5Unf,132000
6,1004,2,NAmes,TA,TA,TA,CBlock,Fin,Attchd,Normal,RL,1Story,149000
4,1296,2,Sawyer,TA,TA,,Slab,Unf,CarPort,Normal,RL,1Story,90000
5,1114,2,SawyerW,TA,Gd,TA,PConc,Unf,Detchd,Normal,RL,1Story,159000
5,1339,1,NAmes,TA,TA,TA,CBlock,Unf,Attchd,Abnorml,RL,1Story,139000
8,2376,3,NridgHt,Gd,Gd,Ex,PConc,RFn,BuiltIn,Partial,RL,2Story,325300
7,1108,1,IDOTRR,TA,Gd,TA,PConc,Unf,Attchd,Normal,RM,1.5Unf,139400
8,1795,2,CollgCr,Gd,Gd,Gd,PConc,RFn,Attchd,Normal,RL,1Story,230000
5,1060,2,MeadowV,TA,TA,Gd,PConc,Unf,Attchd,Normal,RM,1Story,129900
5,1060,1,Sawyer,TA,Gd,TA,CBlock,Unf,Attchd,Normal,RL,1Story,154000
8,1600,3,NridgHt,Gd,Gd,Gd,PConc,RFn,Attchd,Normal,RL,1Story,256300
5,900,2,NAmes,TA,Gd,TA,CBlock,Unf,Detchd,Normal,RL,1Story,134800
8,1704,3,NridgHt,Gd,Gd,Ex,PConc,RFn,Attchd,Normal,RL,1Story,306000
5,1600,1,NAmes,TA,TA,TA,CBlock,RFn,Attchd,Normal,RL,1Story,207500
4,520,1,BrkSide,TA,Fa,TA,BrkTil,Unf,Detchd,Normal,RM,1Story,68500
4,1317,1,IDOTRR,TA,TA,TA,BrkTil,Unf,Detchd,Normal,C (all),2Story,40000
5,1228,1,Sawyer,TA,Gd,TA,CBlock,Unf,Attchd,Normal,RL,1Story,149350
8,1234,2,CollgCr,Gd,Gd,Ex,PConc,RFn,Attchd,Normal,RL,1Story,179900
5,1700,2,NAmes,TA,Gd,TA,CBlock,RFn,Attchd,Normal,RL,1Story,165500
9,1561,2,NridgHt,Ex,Ex,Ex,PConc,Fin,Attchd,Normal,RL,1Story,277500
8,2452,3,NridgHt,Gd,Gd,Ex,PConc,Fin,BuiltIn,Normal,RL,2Story,309000
5,1097,2,CollgCr,TA,TA,Gd,PConc,Unf,Attchd,Normal,RL,1Story,145000
5,1297,2,NAmes,TA,TA,TA,CBlock,Fin,Attchd,Normal,RL,1Story,153000
5,1057,1,NAmes,TA,Gd,TA,CBlock,Unf,Detchd,Abnorml,RL,1Story,109000
4,1152,0,Edwards,TA,Fa,,PConc,,,AdjLand,RL,1Story,82000
6,1324,2,NAmes,TA,TA,TA,CBlock,RFn,Attchd,Abnorml,RL,1Story,160000
5,1328,1,Timber,TA,TA,TA,CBlock,RFn,Attchd,Normal,RL,1Story,170000
5,884,2,SawyerW,TA,Gd,Gd,CBlock,RFn,Attchd,Normal,RL,SFoyer,144000
5,938,1,CollgCr,TA,TA,Gd,CBlock,Unf,Detchd,Normal,RL,1Story,130250
5,1150,1,NAmes,TA,TA,TA,CBlock,RFn,Attchd,Normal,RL,1Story,141000
9,1752,2,NridgHt,Ex,Ex,Ex,PConc,RFn,Attchd,Normal,RL,1Story,319900
7,2149,2,Mitchel,Gd,Gd,Ex,PConc,RFn,Attchd,Abnorml,RL,1.5Fin,239686
8,1656,3,Somerst,Gd,Gd,Gd,PConc,RFn,Attchd,Normal,FV,1Story,249700
4,1452,0,OldTown,TA,TA,TA,BrkTil,,,Partial,RM,2Story,113000
5,955,1,Sawyer,TA,TA,TA,CBlock,Unf,Attchd,Normal,RL,1Story,127000
6,1470,2,Gilbert,TA,TA,Gd,PConc,Fin,Attchd,Normal,RL,2Story,177000
6,1176,2,BrkSide,TA,TA,TA,PConc,Unf,Detchd,Normal,RM,1.5Fin,114500
5,816,2,IDOTRR,Fa,TA,Gd,CBlock,Unf,CarPort,Normal,RM,1Story,110000
9,1842,3,Veenker,Gd,Gd,Ex,CBlock,Fin,Attchd,Normal,RL,1Story,385000
5,1360,2,NAmes,TA,TA,TA,CBlock,Unf,Detchd,Normal,RL,SLvl,130000
6,1425,2,NAmes,TA,TA,TA,CBlock,RFn,Attchd,Normal,RL,1Story,180500
8,1739,2,Somerst,Gd,Gd,Gd,PConc,Fin,Attchd,Abnorml,FV,2Story,172500
7,1720,2,CollgCr,Gd,Gd,Gd,PConc,RFn,Attchd,Normal,RL,2Story,196500
10,2945,3,StoneBr,Ex,Gd,Ex,PConc,Fin,BuiltIn,Partial,RL,2Story,438780
5,780,1,CollgCr,TA,TA,TA,CBlock,Unf,Detchd,Normal,RL,1Story,124900
6,1158,2,SawyerW,TA,Gd,Gd,PConc,Unf,Detchd,Partial,RL,1Story,158000
5,1111,1,IDOTRR,TA,Fa,TA,BrkTil,Unf,Detchd,Normal,RM,2.5Unf,101000
8,1370,2,NridgHt,Gd,Gd,Gd,PConc,RFn,Attchd,Normal,RL,1Story,202500
7,1710,2,OldTown,TA,TA,TA,BrkTil,Unf,Detchd,Normal,RM,2Story,140000
7,2034,2,CollgCr,TA,Gd,Gd,PConc,RFn,Attchd,Normal,RL,2Story,219500
8,2473,3,NridgHt,Gd,Gd,Ex,PConc,RFn,BuiltIn,Normal,RL,2Story,317000
7,2207,2,NAmes,TA,TA,Gd,CBlock,RFn,Attchd,Normal,RL,1Story,180000
7,1479,2,CollgCr,Gd,Gd,Gd,PConc,RFn,Attchd,Normal,RL,1Story,226000
4,747,1,OldTown,TA,TA,TA,CBlock,Unf,Attchd,Normal,RM,1Story,80000
7,2287,2,ClearCr,Gd,TA,TA,CBlock,Fin,Attchd,Normal,RL,1.5Fin,225000
7,2223,2,NAmes,TA,TA,Gd,CBlock,Fin,Attchd,Normal,RL,1Story,244000
4,845,2,Mitchel,TA,TA,TA,CBlock,Unf,Detchd,Normal,RL,1Story,129500
7,1718,2,Gilbert,TA,TA,Gd,PConc,Fin,Attchd,Normal,RL,2Story,185000
5,1086,2,NAmes,TA,TA,TA,CBlock,Unf,Attchd,Normal,RL,1Story,144900
3,1605,1,OldTown,Gd,TA,Fa,CBlock,Unf,Detchd,Normal,RM,2Story,107400
4,988,1,MeadowV,TA,TA,Gd,CBlock,Unf,BuiltIn,Normal,RM,SLvl,91000
4,952,1,NAmes,TA,TA,TA,CBlock,Unf,Detchd,Normal,RL,1Story,135750
5,1285,1,BrkSide,TA,TA,TA,CBlock,Unf,Detchd,Normal,RM,1.5Fin,127000
4,1768,0,Sawyer,TA,TA,TA,CBlock,,,Normal,RL,1Story,136500
5,1230,2,OldTown,TA,TA,TA,PConc,Unf,Detchd,Normal,RM,2Story,110000
6,2142,1,NAmes,TA,Gd,Gd,CBlock,Fin,Attchd,Normal,RL,2Story,193500
6,1337,2,Mitchel,TA,TA,Ex,PConc,Fin,Attchd,Normal,RM,1Story,153500
8,1563,3,Somerst,TA,Gd,Gd,PConc,RFn,Attchd,Normal,RL,1Story,245000
5,1065,2,NAmes,TA,TA,TA,CBlock,Unf,Detchd,Normal,RL,1Story,126500
7,1474,2,Gilbert,TA,TA,Gd,PConc,Fin,BuiltIn,Normal,RL,SLvl,168500
8,2417,2,NoRidge,Gd,Gd,Gd,CBlock,Unf,Attchd,Normal,RL,2Story,260000
6,1560,2,Gilbert,Gd,Gd,Gd,PConc,Fin,BuiltIn,Normal,RL,2Story,174000
6,1224,2,Somerst,Gd,Gd,Gd,PConc,RFn,Detchd,Partial,FV,2Story,164500
3,1526,0,IDOTRR,Fa,Fa,TA,CBlock,,,Abnorml,C (all),1.5Fin,85000
4,990,0,CollgCr,TA,TA,Gd,PConc,,,Normal,RL,1Story,123600
4,1040,2,NAmes,TA,TA,,Slab,Unf,Detchd,Normal,RL,1Story,109900
5,1235,2,NAmes,TA,TA,TA,CBlock,Unf,Attchd,Abnorml,RL,1Story,98600
5,964,2,Crawfor,TA,TA,Gd,BrkTil,Unf,Detchd,Normal,RL,1Story,163500
6,2291,2,OldTown,TA,TA,TA,BrkTil,Unf,Detchd,Normal,C (all),2.5Unf,133900
6,1786,2,CollgCr,TA,Gd,Gd,PConc,RFn,Attchd,Normal,RL,2Story,204750
6,1470,2,Gilbert,Ex,TA,Gd,PConc,Fin,BuiltIn,Normal,RL,2Story,185000
7,1588,2,CollgCr,Gd,Gd,Gd,PConc,RFn,Attchd,Normal,RL,1Story,214000
4,960,1,Edwards,TA,TA,TA,CBlock,Fin,Attchd,Normal,RL,1Story,94750
5,835,1,Edwards,TA,TA,TA,BrkTil,Unf,Basment,Abnorml,RL,1Story,83000
4,1225,0,NAmes,TA,TA,TA,CBlock,,,Normal,RL,1Story,128950
6,1610,2,NWAmes,TA,Gd,TA,PConc,RFn,Attchd,Normal,RL,1Story,205000
6,1732,2,SawyerW,Gd,Gd,Gd,CBlock,Fin,Attchd,Normal,RL,2Story,178000
5,1535,2,SawyerW,TA,TA,,Slab,Unf,Attchd,Alloca,RL,1Story,118964
7,1226,3,CollgCr,TA,Gd,Gd,PConc,RFn,Attchd,Normal,RL,1Story,198900
7,1818,1,IDOTRR,TA,TA,TA,PConc,Unf,Detchd,Normal,RM,1.5Fin,169500
8,1992,2,Somerst,Gd,Gd,Ex,PConc,RFn,Attchd,Normal,FV,2Story,250000
4,1047,1,OldTown,TA,TA,Fa,BrkTil,Unf,Detchd,Normal,RM,1Story,100000
5,789,1,OldTown,TA,TA,TA,CBlock,Unf,Detchd,Partial,RM,1Story,115000
5,1517,0,IDOTRR,TA,Fa,TA,CBlock,,,Normal,RM,1.5Fin,115000
6,1844,2,NWAmes,TA,TA,Gd,CBlock,RFn,Attchd,Normal,RL,1Story,190000
6,1855,1,Edwards,TA,TA,TA,CBlock,Unf,Attchd,Normal,RL,1.5Fin,136900
7,1430,2,Gilbert,TA,TA,Gd,PConc,Fin,BuiltIn,Normal,RL,SLvl,180000
7,2696,3,CollgCr,Gd,Ex,Ex,PConc,Fin,BuiltIn,Partial,RL,2Story,383970
6,2259,2,Crawfor,TA,Gd,Gd,CBlock,Unf,Basment,Abnorml,RL,1Story,217000
6,2320,1,Crawfor,TA,Gd,TA,CBlock,Unf,Detchd,Normal,RL,2Story,259500
6,1458,2,Somerst,TA,TA,Gd,PConc,Unf,Detchd,Normal,FV,2Story,176000
5,1092,1,Sawyer,TA,TA,TA,CBlock,Unf,Attchd,Normal,RL,1Story,139000
5,1125,2,Edwards,TA,TA,Gd,PConc,Unf,Attchd,Partial,RL,1Story,155000
7,3222,3,SawyerW,TA,Gd,Gd,PConc,Unf,Attchd,Normal,RL,2Story,320000
6,1456,2,CollgCr,Gd,Gd,Gd,PConc,Fin,Attchd,Partial,RL,2Story,163990
6,988,2,ClearCr,TA,TA,TA,CBlock,Unf,Attchd,Normal,RL,SLvl,180000
4,1123,1,IDOTRR,TA,TA,TA,PConc,Unf,Detchd,Normal,RM,1.5Fin,100000
6,1080,1,NAmes,TA,TA,TA,CBlock,Unf,Attchd,Normal,RL,1Story,136000
6,1199,2,SawyerW,Gd,Gd,Gd,PConc,RFn,Attchd,Normal,RL,1Story,153900
6,1586,2,NWAmes,TA,TA,Gd,CBlock,Unf,Attchd,Normal,RL,1Story,181000
6,754,0,IDOTRR,TA,TA,TA,CBlock,,,Normal,RM,1.5Fin,84500
6,958,2,NPkVill,TA,TA,Gd,CBlock,RFn,Attchd,Normal,RL,1Story,128000
5,840,0,OldTown,TA,TA,TA,BrkTil,,,Normal,RM,1.5Unf,87000
6,1348,2,NAmes,TA,TA,TA,CBlock,RFn,Attchd,Normal,RL,2Story,155000
5,1053,2,NAmes,TA,Ex,TA,CBlock,RFn,2Types,Abnorml,RL,1Story,150000
7,2157,2,NAmes,TA,Gd,TA,CBlock,Fin,Attchd,Normal,RL,2Story,226000
6,2054,2,Gilbert,Gd,Gd,Gd,PConc,RFn,BuiltIn,Normal,RL,2Story,244000
5,1327,2,NAmes,TA,Gd,TA,CBlock,Unf,Detchd,Normal,RL,1Story,150750
8,1296,2,Timber,Gd,Gd,Ex,PConc,Fin,Attchd,Normal,RL,1Story,220000
5,1721,2,Sawyer,TA,TA,TA,CBlock,RFn,Attchd,Normal,RL,1Story,180000
7,1682,2,NWAmes,TA,TA,TA,PConc,Unf,Attchd,Normal,RL,1Story,174000
5,1214,1,NAmes,TA,TA,TA,CBlock,RFn,Attchd,Normal,RL,1Story,143000
7,1959,3,Mitchel,TA,TA,TA,CBlock,Unf,2Types,Family,RL,1Story,171000
8,1852,3,CollgCr,Gd,Gd,Gd,PConc,Fin,Attchd,Normal,RL,2Story,230000
6,1764,2,CollgCr,TA,Gd,Gd,PConc,RFn,Attchd,Normal,RL,2Story,231500
4,864,0,NAmes,TA,TA,TA,CBlock,,,Normal,RL,1Story,115000
7,1734,2,CollgCr,Gd,Gd,Gd,PConc,Fin,Attchd,Normal,RL,1Story,260000
5,1385,2,NAmes,TA,TA,TA,CBlock,Unf,Detchd,Normal,RL,1.5Fin,166000
7,1501,2,CollgCr,Gd,Gd,Gd,PConc,RFn,Attchd,Normal,RL,1Story,204000
5,1728,2,Sawyer,TA,TA,TA,CBlock,Unf,Detchd,Abnorml,RM,1Story,125000
6,1709,2,Edwards,Gd,Gd,Gd,PConc,Unf,Detchd,Normal,RM,2Story,130000
5,875,1,BrkSide,TA,TA,TA,BrkTil,Unf,Detchd,Normal,RM,1Story,105000
7,2035,2,Gilbert,Gd,Gd,Gd,PConc,Fin,BuiltIn,Normal,RL,2Story,222500
7,1080,0,SawyerW,TA,Gd,Gd,PConc,,,Normal,RL,1Story,141000
5,1344,1,BrkSide,TA,TA,Gd,BrkTil,Unf,Detchd,Normal,RM,1.5Fin,115000
5,969,2,CollgCr,TA,TA,TA,CBlock,Unf,Attchd,Normal,RL,1Story,122000
8,1710,3,NridgHt,Gd,Gd,Ex,PConc,RFn,Attchd,Partial,RL,1Story,372402
6,1993,2,NWAmes,TA,TA,TA,CBlock,RFn,Attchd,Normal,RL,2Story,190000
6,1252,2,ClearCr,TA,TA,Gd,CBlock,RFn,Attchd,Normal,RL,1Story,235000
6,1200,1,OldTown,TA,TA,TA,BrkTil,Unf,Detchd,Family,RM,1Story,125000
6,1096,0,Edwards,TA,TA,TA,BrkTil,,,Normal,RL,1.5Fin,79000
5,1040,2,NAmes,TA,TA,,CBlock,Unf,Detchd,Normal,RL,1Story,109500
8,1968,3,Timber,Gd,Ex,Ex,PConc,Fin,BuiltIn,Partial,RL,2Story,269500
7,1947,2,Somerst,Gd,Gd,Gd,PConc,RFn,Attchd,Normal,FV,2Story,254900
7,2462,2,Gilbert,Gd,Gd,Gd,PConc,RFn,Attchd,Partial,RL,2Story,320000
6,1232,2,Veenker,TA,TA,Gd,PConc,Unf,Attchd,Normal,RL,1Story,162500
9,2668,3,NridgHt,Gd,Ex,Ex,PConc,Fin,BuiltIn,Normal,RL,2Story,412500
7,1541,2,NridgHt,Gd,Gd,Gd,PConc,RFn,Attchd,Partial,RL,1Story,220000
4,882,0,OldTown,TA,TA,TA,CBlock,,,Normal,RL,1.5Unf,103200
6,1616,1,OldTown,TA,Gd,TA,BrkTil,Unf,Detchd,Normal,RM,1Story,152000
5,1355,0,Edwards,TA,TA,TA,BrkTil,,,Normal,RL,1.5Fin,127500
5,1867,1,ClearCr,Gd,TA,TA,CBlock,Fin,Attchd,Normal,RL,1Story,190000
8,2161,3,NridgHt,Gd,Ex,Ex,PConc,Fin,Attchd,Partial,RL,2Story,325624
7,1720,2,Gilbert,Gd,Gd,Gd,PConc,Fin,Attchd,Normal,RL,2Story,183500
8,1707,2,Timber,Gd,TA,Gd,CBlock,RFn,Attchd,Normal,RL,1Story,228000
5,1382,2,OldTown,TA,TA,TA,CBlock,Unf,Detchd,Normal,RM,1.5Fin,128500
6,1656,2,NAmes,TA,TA,TA,CBlock,Fin,Attchd,Normal,RL,1Story,215000
7,1767,2,StoneBr,Gd,Gd,Gd,PConc,RFn,Attchd,Normal,RL,2Story,239000
6,1362,2,NAmes,TA,TA,TA,CBlock,Unf,Attchd,Normal,RL,1Story,163000
6,1651,2,Timber,TA,TA,Gd,CBlock,Fin,Attchd,Normal,RL,1Story,184000
6,2158,2,Edwards,TA,Gd,TA,CBlock,Unf,Attchd,Normal,RL,1Story,243000
6,2060,2,ClearCr,Gd,TA,Gd,PConc,Unf,Attchd,Normal,RL,2Story,211000
5,1920,2,Sawyer,Gd,Gd,TA,CBlock,Unf,Attchd,Normal,RL,1.5Fin,172500
9,2234,3,StoneBr,Ex,Ex,Ex,PConc,Fin,Attchd,Partial,RL,1Story,501837
5,968,2,OldTown,Gd,TA,TA,CBlock,Unf,Detchd,Normal,RM,1Story,100000
6,1525,2,Somerst,Gd,Gd,Gd,PConc,Unf,Detchd,Normal,FV,2Story,177000
7,1802,1,Crawfor,TA,TA,Fa,BrkTil,Unf,Detchd,Normal,RL,2Story,200100
5,1340,1,Edwards,TA,TA,,PConc,RFn,Attchd,Normal,RL,1Story,120000
7,2082,2,OldTown,TA,Gd,Gd,PConc,Unf,Detchd,Normal,RM,1.5Fin,200000
5,1252,2,BrkSide,TA,TA,Fa,PConc,Unf,Attchd,Normal,RL,1.5Fin,127000
10,3608,3,OldTown,Gd,Ex,TA,BrkTil,Unf,Detchd,Normal,RM,2.5Fin,475000
7,1217,2,Mitchel,TA,Gd,Gd,PConc,Unf,Attchd,Normal,RL,SLvl,173000
5,1656,1,OldTown,TA,TA,Fa,CBlock,Unf,Detchd,Normal,RL,1.5Fin,135000
5,1224,2,SawyerW,TA,TA,Gd,CBlock,Unf,Detchd,Alloca,RL,SFoyer,153337
8,1593,2,StoneBr,Gd,Ex,Ex,PConc,Fin,Attchd,Normal,RL,1Story,286000
8,2727,2,Crawfor,Gd,Gd,Gd,CBlock,Unf,Detchd,Normal,RL,2Story,315000
7,1479,2,NAmes,TA,Gd,TA,CBlock,Fin,Attchd,Normal,RL,2Story,184000
7,1431,2,CollgCr,Gd,Gd,Gd,PConc,Fin,Attchd,Normal,RL,1Story,192000
7,1709,2,Edwards,Gd,Gd,Gd,PConc,Unf,Detchd,Normal,RM,2Story,130000
5,864,1,CollgCr,TA,TA,TA,CBlock,Unf,Detchd,Normal,RL,1Story,127000
6,1456,2,NPkVill,TA,TA,Gd,CBlock,Unf,Attchd,Normal,RL,2Story,148500
7,1726,3,Somerst,Ex,Ex,Ex,PConc,Fin,Attchd,Partial,RL,1Story,311872
8,3112,2,NAmes,Gd,Gd,TA,PConc,Unf,Detchd,Abnorml,RL,2Story,235000
6,2229,0,OldTown,TA,TA,TA,CBlock,,,Abnorml,RM,2.5Fin,104000
8,1713,3,NridgHt,Gd,Ex,Ex,PConc,Fin,Attchd,Normal,RL,1Story,274900
4,1121,2,Edwards,TA,TA,Gd,PConc,RFn,Attchd,Normal,RM,1Story,140000
6,1279,2,Mitchel,TA,TA,TA,CBlock,Unf,Detchd,Normal,RL,1Story,171500
6,1310,1,OldTown,TA,TA,Fa,BrkTil,Unf,Attchd,Normal,RL,1.5Fin,112000
6,848,2,CollgCr,Gd,Gd,Gd,PConc,RFn,Attchd,Normal,RM,1Story,149000
5,1284,1,OldTown,TA,TA,TA,CBlock,Unf,Detchd,Normal,RM,1.5Fin,110000
7,1442,2,Gilbert,TA,TA,Gd,PConc,RFn,Attchd,Normal,RL,1Story,180500
5,1696,1,Sawyer,TA,TA,TA,CBlock,RFn,Attchd,Normal,RL,1Story,143900
4,1100,1,NAmes,TA,TA,TA,PConc,RFn,Attchd,Normal,RL,1Story,141000
7,2062,2,SawyerW,Gd,TA,Gd,CBlock,Fin,Attchd,Normal,RL,2Story,277000
6,1092,2,NAmes,TA,TA,Gd,CBlock,RFn,Attchd,Normal,RL,1Story,145000
5,864,0,Edwards,TA,TA,TA,CBlock,,,Normal,RL,1Story,98000
6,1212,2,Edwards,TA,Gd,Gd,PConc,RFn,Attchd,Normal,RL,1Story,186000
7,1852,2,Somerst,TA,Gd,Gd,PConc,RFn,Attchd,Partial,FV,2Story,252678
5,990,2,CollgCr,TA,TA,Gd,PConc,Unf,Attchd,Normal,RL,1Story,156000
6,1392,1,CollgCr,TA,TA,Gd,CBlock,Fin,Attchd,Normal,RL,2Story,161750
5,1236,1,NAmes,TA,Gd,TA,CBlock,Unf,Attchd,Normal,RL,1Story,134450
7,1436,2,CollgCr,Gd,Gd,Gd,PConc,Unf,Attchd,Normal,RL,1Story,210000
4,1328,1,OldTown,TA,TA,TA,CBlock,Unf,Detchd,Family,RM,2Story,107000
7,1954,2,Crawfor,Gd,Gd,TA,CBlock,Unf,Attchd,Normal,RL,1.5Fin,311500
7,1248,2,Blmngtn,Gd,Gd,Gd,PConc,Fin,Attchd,Partial,RL,1Story,167240
7,1498,2,CollgCr,Gd,Gd,Gd,PConc,RFn,Attchd,Partial,RL,1Story,204900
6,2267,2,Gilbert,Gd,Gd,Gd,PConc,RFn,BuiltIn,Normal,RL,2Story,200000
6,1552,2,NWAmes,TA,TA,Gd,CBlock,RFn,Attchd,Normal,RL,2Story,179900
4,864,2,NAmes,TA,TA,TA,CBlock,Unf,Detchd,Abnorml,RL,1Story,97000
10,2392,3,NridgHt,Ex,Ex,Ex,PConc,Fin,Attchd,Normal,RL,1Story,386250
5,1302,1,BrDale,TA,TA,TA,CBlock,Unf,Detchd,Abnorml,RM,2Story,112000
7,2520,3,NoRidge,Gd,Gd,Gd,PConc,RFn,Attchd,Abnorml,RL,2Story,290000
6,987,1,BrDale,TA,TA,TA,CBlock,Unf,Detchd,Normal,RM,2Story,106000
5,912,1,Sawyer,TA,TA,TA,CBlock,Unf,Detchd,Normal,RL,1Story,125000
7,1555,2,Blmngtn,Gd,Gd,Gd,PConc,Fin,Attchd,Normal,RL,1Story,192500
6,1194,1,NAmes,TA,TA,TA,CBlock,RFn,Attchd,Normal,RL,1Story,148000
8,2794,3,NoRidge,Gd,Ex,Gd,PConc,Fin,Attchd,Normal,RL,2Story,403000
6,987,1,BrDale,TA,TA,TA,CBlock,Unf,Attchd,Normal,RM,2Story,94500
5,894,1,CollgCr,TA,TA,TA,CBlock,Unf,Attchd,Normal,RL,1Story,128200
6,1960,2,Gilbert,Gd,Gd,Gd,PConc,Fin,BuiltIn,Normal,RL,2Story,216500
6,987,1,BrDale,TA,TA,TA,CBlock,Unf,Detchd,Normal,RM,2Story,89500
7,1414,2,CollgCr,Gd,Gd,Gd,PConc,RFn,Attchd,Normal,RL,1Story,185500
7,1744,2,SawyerW,Gd,Gd,Gd,PConc,RFn,Attchd,Normal,RL,2Story,194500
8,1694,3,NridgHt,Ex,Gd,Ex,PConc,Fin,Attchd,Partial,RL,1Story,318000
6,1487,1,Edwards,TA,TA,TA,CBlock,Unf,Detchd,Normal,RL,1.5Fin,113000
8,1566,2,Somerst,Gd,Gd,Gd,PConc,RFn,Attchd,Normal,FV,1Story,262500
5,866,0,OldTown,TA,Gd,TA,CBlock,,,Normal,RM,1Story,110500
5,1440,1,OldTown,TA,TA,TA,BrkTil,Unf,Attchd,Normal,RM,1.5Fin,79000
6,1217,1,SawyerW,TA,TA,Gd,CBlock,RFn,Attchd,Normal,RL,2Story,120000
7,2110,2,SawyerW,Gd,Gd,Gd,PConc,RFn,Attchd,Normal,RL,2Story,205000
7,1872,2,NWAmes,TA,TA,Gd,CBlock,Fin,Attchd,Normal,RL,1Story,241500
6,1928,1,OldTown,TA,Fa,Fa,Stone,Unf,Detchd,Normal,RM,2Story,137000
6,1375,2,NAmes,TA,TA,TA,CBlock,Unf,Attchd,Normal,RL,1Story,140000
7,1668,2,CollgCr,Gd,Gd,Gd,PConc,RFn,Attchd,Normal,RL,2Story,180000
6,2144,2,ClearCr,Gd,Gd,Gd,CBlock,Fin,Attchd,Normal,RL,1.5Fin,277000
3,1306,0,BrkSide,TA,Fa,TA,CBlock,,,Normal,RL,1Story,76500
8,1625,2,Crawfor,Gd,Gd,Gd,PConc,Fin,Attchd,Family,RM,1Story,235000
6,1640,2,SawyerW,Gd,Gd,Gd,PConc,RFn,Attchd,Normal,RL,2Story,173000
6,1302,1,NAmes,TA,Gd,Gd,CBlock,RFn,Attchd,Normal,RL,SLvl,158000
5,1314,1,NAmes,TA,TA,TA,CBlock,RFn,Attchd,Normal,RL,1Story,145000
7,2291,2,Gilbert,Gd,Gd,Gd,PConc,Fin,BuiltIn,Normal,RL,2Story,230000
6,1728,2,Somerst,Gd,Gd,Gd,PConc,RFn,Attchd,Normal,FV,2Story,207500
7,1604,2,CollgCr,Gd,Gd,Gd,PConc,RFn,Attchd,Abnorml,RL,1Story,220000
7,1792,2,CollgCr,Gd,Gd,Gd,PConc,RFn,Attchd,Normal,RL,2Story,231500
5,882,1,OldTown,TA,TA,,PConc,Unf,Detchd,Normal,RM,1Story,97000
6,1382,2,NAmes,TA,TA,TA,CBlock,Unf,Attchd,Normal,RL,SLvl,176000
8,2574,3,CollgCr,Gd,Ex,Ex,PConc,Fin,BuiltIn,Partial,RL,2Story,276000
6,1212,2,Sawyer,TA,TA,Gd,CBlock,Unf,Attchd,Normal,RL,SLvl,151000
5,1316,2,OldTown,TA,TA,TA,BrkTil,Unf,Detchd,Normal,RM,1.5Fin,130000
5,764,2,OldTown,TA,TA,Fa,BrkTil,Unf,Detchd,Normal,RM,1Story,73000
6,1422,2,NWAmes,TA,Gd,Gd,CBlock,Fin,Attchd,Normal,RL,1Story,175500
6,1511,2,Gilbert,TA,TA,Gd,PConc,Fin,Attchd,Normal,RL,2Story,185000
5,2192,1,SWISU,TA,Gd,TA,PConc,Unf,Detchd,Normal,RL,2.5Fin,179500
5,778,1,IDOTRR,TA,TA,TA,CBlock,Fin,Detchd,Normal,RM,1Story,120500
6,1113,1,Edwards,TA,TA,TA,CBlock,RFn,Attchd,Normal,RL,1Story,148000
8,1939,3,Somerst,Gd,Gd,Gd,PConc,RFn,Attchd,Partial,FV,2Story,266000
7,1363,2,ClearCr,TA,TA,Gd,CBlock,Unf,Attchd,Normal,RL,1Story,241500
8,2270,3,NoRidge,Gd,Gd,Gd,PConc,Fin,Attchd,Normal,RL,2Story,290000
6,1632,1,NAmes,TA,TA,TA,CBlock,RFn,Attchd,Normal,RL,1Story,139000
5,816,1,Mitchel,TA,TA,TA,CBlock,Unf,Attchd,Normal,RL,1Story,124500
7,1548,2,BrkSide,Gd,Ex,TA,BrkTil,Unf,Detchd,Normal,RL,1.5Fin,205000
7,1560,2,Mitchel,Gd,Gd,Ex,PConc,Fin,Attchd,Normal,RL,1Story,201000
4,864,2,Gilbert,TA,TA,TA,CBlock,Unf,Detchd,Normal,RL,1Story,141000
9,2121,3,NridgHt,Ex,Ex,Ex,PConc,Fin,Attchd,Partial,RL,1Story,415298
7,2022,2,ClearCr,TA,TA,Gd,CBlock,Fin,Attchd,Normal,RL,2Story,192000
7,1982,2,SawyerW,Gd,Gd,Gd,CBlock,Fin,Attchd,Normal,RL,2Story,228500
6,1262,2,Somerst,Gd,Gd,Gd,PConc,Fin,Attchd,Partial,FV,1Story,185000
7,1314,2,NridgHt,Gd,Gd,Gd,PConc,RFn,Attchd,Normal,RL,1Story,207500
8,1468,3,Somerst,Gd,Gd,Gd,PConc,Fin,Attchd,Partial,RL,1Story,244600
6,1575,2,SawyerW,Gd,Gd,Gd,PConc,RFn,Attchd,Normal,RL,1Story,179200
7,1250,2,Somerst,Gd,Gd,Gd,PConc,RFn,Detchd,Partial,FV,2Story,164700
6,1734,2,NAmes,TA,Gd,TA,CBlock,RFn,Attchd,Normal,RL,1.5Fin,159000
4,858,0,NAmes,TA,TA,TA,CBlock,,,Normal,RL,1Story,88000
5,900,1,Sawyer,TA,TA,TA,CBlock,Unf,Detchd,Normal,RL,1Story,122000
6,1396,1,BrkSide,TA,TA,TA,BrkTil,Unf,Detchd,Normal,RL,2Story,153575
8,1919,2,CollgCr,Gd,Gd,Gd,PConc,RFn,Attchd,Partial,RL,2Story,233230
5,1716,0,SWISU,TA,Fa,TA,PConc,,,Normal,RL,2Story,135900
5,1716,1,Edwards,TA,TA,TA,CBlock,Unf,Attchd,Normal,RL,1.5Fin,131000
7,2263,2,NWAmes,TA,Gd,TA,CBlock,Fin,Attchd,Normal,RL,2Story,235000
6,1644,2,NAmes,TA,TA,TA,CBlock,Fin,Attchd,Normal,RL,1Story,167000
6,1003,2,Mitchel,TA,TA,TA,CBlock,Unf,Detchd,Normal,RL,SLvl,142500
5,1558,1,IDOTRR,TA,TA,TA,CBlock,Unf,Attchd,Normal,RM,1.5Fin,152000
7,1950,2,Somerst,Gd,Gd,Gd,PConc,RFn,Detchd,Normal,FV,2Story,239000
6,1743,2,NWAmes,Gd,TA,TA,CBlock,Unf,Attchd,Normal,RL,2Story,175000
6,1152,1,Crawfor,TA,Gd,TA,CBlock,Unf,Attchd,Family,RL,1Story,158500
5,1336,1,Crawfor,TA,TA,TA,CBlock,Unf,Attchd,Normal,RL,1Story,157000
8,2452,2,CollgCr,Gd,Gd,Gd,PConc,Fin,BuiltIn,Normal,RL,2Story,267000
7,1541,3,CollgCr,Gd,Gd,Gd,PConc,RFn,Attchd,Normal,RL,1Story,205000
5,894,2,CollgCr,TA,TA,TA,PConc,Unf,Attchd,Abnorml,RL,1Story,149900
7,3493,3,OldTown,TA,Gd,TA,BrkTil,Unf,Attchd,Normal,RM,2.5Fin,295000
8,2000,3,CollgCr,Gd,Gd,Gd,PConc,Fin,Attchd,Normal,RL,1Story,305900
7,2243,3,SawyerW,Gd,Gd,Gd,CBlock,RFn,Attchd,Normal,RL,2Story,225000
6,1406,0,IDOTRR,TA,Fa,TA,CBlock,,,Normal,RM,1.5Fin,89500
4,861,2,Edwards,TA,TA,TA,CBlock,Unf,Detchd,Normal,RL,1Story,82500
9,1944,3,NridgHt,Gd,Ex,Ex,PConc,Fin,Attchd,Normal,RL,1Story,360000
6,1501,2,Gilbert,TA,Gd,Gd,PConc,Fin,Attchd,Normal,RL,2Story,165600
6,972,1,NAmes,TA,TA,TA,CBlock,Unf,Detchd,Normal,RL,1Story,132000
5,1118,2,OldTown,TA,TA,Gd,CBlock,Unf,Detchd,Normal,RM,1.5Fin,119900
7,2036,2,Timber,TA,TA,Gd,CBlock,RFn,Attchd,Normal,RL,1Story,375000
7,1641,2,OldTown,TA,Ex,TA,BrkTil,Unf,Detchd,Normal,RM,2Story,178000
7,1432,2,Gilbert,Gd,Gd,Gd,PConc,Fin,Attchd,Normal,RL,2Story,188500
7,2353,2,NWAmes,Gd,Ex,Gd,CBlock,RFn,Attchd,Normal,RL,2Story,260000
8,1959,3,Somerst,Gd,Gd,Gd,PConc,RFn,Attchd,Normal,FV,2Story,270000
7,2646,3,NoRidge,Gd,Gd,Gd,PConc,RFn,Attchd,Normal,RL,2Story,260000
7,1472,2,NWAmes,TA,TA,Gd,CBlock,Unf,Attchd,Normal,RL,SLvl,187500
9,2596,3,NridgHt,TA,Gd,Ex,PConc,RFn,Attchd,Partial,RL,2Story,342643
8,2468,3,NridgHt,Gd,Gd,Ex,PConc,Fin,BuiltIn,Normal,RL,2Story,354000
7,2730,2,SawyerW,Gd,Gd,TA,CBlock,Fin,Attchd,Normal,RL,2Story,301000
3,1163,1,OldTown,TA,TA,TA,CBlock,Unf,Attchd,Normal,RM,1Story,126175
7,2978,2,NAmes,Gd,Gd,Gd,CBlock,Fin,BuiltIn,Normal,RL,SLvl,242000
5,803,2,IDOTRR,TA,TA,TA,CBlock,Unf,Detchd,Normal,RM,1.5Unf,87000
8,1719,2,Veenker,Gd,Gd,Gd,PConc,Fin,Attchd,Normal,RL,1Story,324000
6,1383,1,NAmes,TA,TA,TA,CBlock,RFn,Attchd,Normal,RL,1Story,145250
6,2134,2,BrkSide,TA,Gd,TA,BrkTil,Unf,Detchd,Normal,RL,2.5Unf,214500
5,1192,1,IDOTRR,TA,TA,TA,PConc,Unf,Detchd,Normal,RM,2Story,78000
5,1728,1,NAmes,TA,TA,TA,CBlock,Unf,Detchd,Normal,RL,1Story,119000
5,1056,1,NAmes,TA,TA,TA,CBlock,RFn,Attchd,Normal,RL,1Story,139000
8,1629,3,NridgHt,Gd,Gd,Gd,PConc,RFn,Attchd,Normal,RL,1Story,284000
7,1358,2,NridgHt,Gd,Gd,Gd,PConc,RFn,Attchd,Normal,RM,1Story,207000
6,1638,2,Gilbert,TA,TA,Gd,PConc,Fin,Attchd,Normal,RL,2Story,192000
5,1786,2,Timber,TA,TA,TA,CBlock,Fin,Attchd,Normal,RL,1.5Fin,228950
9,1922,3,StoneBr,Gd,Gd,Ex,PConc,Fin,Attchd,Normal,RL,1Story,377426
7,1536,2,CollgCr,Gd,Gd,Gd,PConc,RFn,Attchd,Normal,RL,1Story,214000
7,1621,2,NWAmes,Gd,Gd,Gd,CBlock,RFn,Attchd,Normal,RL,1Story,202500
6,1215,1,NAmes,TA,TA,TA,CBlock,Unf,Attchd,Normal,RL,1Story,155000
8,1908,2,Timber,Gd,Gd,Gd,PConc,Fin,Attchd,Normal,RL,2Story,202900
4,841,1,SawyerW,Fa,TA,TA,CBlock,Unf,CarPort,Normal,RH,1Story,82000
3,1040,2,NAmes,TA,TA,,Slab,Unf,Detchd,Normal,RL,1Story,87500
9,1684,2,NridgHt,Ex,Ex,Ex,PConc,RFn,Attchd,Normal,RL,1Story,266000
5,1112,1,MeadowV,TA,TA,Gd,CBlock,Unf,Attchd,Normal,RM,2Story,85000
6,1577,1,BrkSide,TA,Fa,TA,BrkTil,Unf,Detchd,Normal,RL,1.5Fin,140200
6,958,1,NAmes,TA,TA,TA,CBlock,RFn,Attchd,Normal,RL,1Story,151500
6,1478,2,NAmes,TA,TA,TA,CBlock,Unf,Attchd,Normal,RL,1Story,157500
7,1626,2,NridgHt,Gd,Gd,Gd,PConc,RFn,BuiltIn,Normal,RL,2Story,154000
9,2728,3,NridgHt,Ex,Ex,Ex,PConc,Fin,Attchd,Partial,RL,2Story,437154
9,1869,2,NridgHt,Ex,Ex,Ex,PConc,RFn,Attchd,Partial,RL,1Story,318061
7,1453,2,ClearCr,TA,Gd,Gd,PConc,RFn,Attchd,Abnorml,RL,1Story,190000
5,1111,1,Edwards,TA,TA,TA,CBlock,Unf,Detchd,Normal,RL,1.5Fin,95000
6,720,2,OldTown,TA,TA,TA,BrkTil,Unf,Detchd,Normal,RM,1Story,105900
6,1595,1,SWISU,TA,TA,TA,CBlock,Unf,Attchd,Normal,RL,1.5Fin,140000
6,1200,2,CollgCr,Gd,Gd,Gd,PConc,RFn,Attchd,Normal,RL,1Story,177500
6,1167,2,Gilbert,TA,Gd,Gd,PConc,RFn,Attchd,Normal,RL,1Story,173000
5,1142,2,MeadowV,TA,TA,Gd,PConc,Fin,Attchd,Normal,RM,1Story,134000
5,1352,1,ClearCr,TA,Gd,TA,CBlock,Unf,BuiltIn,Abnorml,RL,SLvl,130000
8,1924,2,NoRidge,Gd,Gd,Gd,PConc,RFn,Attchd,Normal,RL,2Story,280000
6,912,2,Mitchel,TA,TA,Gd,CBlock,RFn,Attchd,Normal,RL,SFoyer,156000
5,1505,1,BrkSide,TA,TA,TA,CBlock,Unf,Detchd,Normal,RL,1.5Fin,145000
7,1922,2,Edwards,Gd,Gd,,Slab,RFn,BuiltIn,Normal,RL,SFoyer,198500
6,987,1,BrDale,TA,Gd,TA,CBlock,Unf,Detchd,Normal,RM,2Story,118000
6,1574,2,NWAmes,TA,TA,Gd,PConc,Fin,Attchd,Normal,RL,2Story,190000
5,1344,1,IDOTRR,TA,TA,TA,CBlock,Unf,Detchd,Normal,RM,2Story,147000
6,1394,2,NAmes,TA,TA,Gd,CBlock,RFn,Attchd,Normal,RL,1Story,159000
6,1431,1,NAmes,TA,TA,Gd,CBlock,RFn,Basment,Normal,RL,SLvl,165000
5,1268,1,NAmes,TA,TA,TA,PConc,Fin,Attchd,Normal,RL,1Story,132000
5,1287,2,NAmes,TA,Gd,TA,CBlock,Fin,Detchd,Normal,RL,1Story,162000
6,1664,2,Gilbert,TA,TA,Gd,PConc,RFn,Attchd,Normal,RL,2Story,172400
4,1588,2,ClearCr,TA,TA,,CBlock,Fin,Detchd,Normal,RL,1.5Fin,134432
6,752,1,SawyerW,TA,TA,Gd,CBlock,Unf,Attchd,Normal,RL,1Story,125000
5,1319,1,NAmes,TA,TA,TA,PConc,Unf,Attchd,Normal,RL,1Story,123000
7,1928,2,CollgCr,Gd,Gd,Gd,PConc,Fin,BuiltIn,Normal,RL,2Story,219500
1,904,0,Edwards,Fa,Fa,Fa,BrkTil,,,Normal,RL,1Story,61000
5,914,2,CollgCr,Gd,TA,Gd,PConc,Unf,Detchd,Normal,RL,SFoyer,148000
8,2466,2,Somerst,Gd,Gd,Gd,PConc,RFn,Attchd,Normal,FV,2Story,340000
9,1856,3,StoneBr,Gd,Ex,Ex,PConc,Fin,Attchd,Partial,RL,1Story,394432
6,1800,2,Gilbert,TA,TA,Gd,PConc,Fin,Attchd,Normal,RL,2Story,179000
5,1691,1,SWISU,TA,Gd,TA,BrkTil,Unf,Detchd,Normal,RL,1.5Fin,127000
7,1301,2,Somerst,Gd,Gd,Gd,PConc,RFn,Attchd,Partial,FV,1Story,187750
7,1797,2,CollgCr,Gd,Gd,Gd,PConc,RFn,Attchd,Normal,RL,2Story,213500
6,784,2,SawyerW,TA,TA,Fa,BrkTil,Unf,Detchd,Normal,RH,1.5Unf,76000
6,1953,2,ClearCr,Gd,Gd,Gd,PConc,Fin,Attchd,Normal,RL,2Story,240000
8,1269,2,Blmngtn,Gd,Gd,Gd,PConc,Fin,Attchd,Normal,RL,1Story,192000
5,1184,0,Edwards,TA,TA,TA,PConc,,,AdjLand,RL,1.5Fin,81000
6,1125,1,Edwards,TA,TA,TA,CBlock,Unf,Detchd,Abnorml,RL,SLvl,125000
7,1479,2,CollgCr,Gd,Gd,Gd,PConc,RFn,Attchd,Normal,RL,1Story,191000
10,2332,3,NridgHt,Ex,Ex,Ex,PConc,Fin,BuiltIn,Partial,RL,2Story,426000
5,1367,1,Edwards,TA,TA,TA,BrkTil,Unf,Detchd,Normal,RL,1.5Fin,119000
6,1961,2,Mitchel,TA,Gd,Ex,PConc,Fin,BuiltIn,Normal,RL,2Story,215000
5,882,1,NAmes,TA,TA,,Slab,RFn,Attchd,Normal,RL,1Story,106500
4,788,0,BrkSide,TA,TA,TA,CBlock,,,Abnorml,RL,1Story,100000
5,1034,1,OldTown,TA,TA,TA,CBlock,Unf,Detchd,Normal,RL,1.5Fin,109000
5,1144,1,Edwards,TA,TA,TA,CBlock,Unf,Attchd,Normal,RL,1Story,129000
5,894,2,CollgCr,TA,TA,TA,CBlock,RFn,Detchd,Normal,RL,1Story,123000
5,1812,1,NAmes,TA,TA,TA,CBlock,RFn,Attchd,Normal,RL,2Story,169500
5,1077,1,IDOTRR,TA,TA,Fa,BrkTil,Unf,Detchd,Abnorml,RM,1Story,67000
7,1550,2,Somerst,Gd,Gd,Gd,PConc,Fin,Attchd,Normal,FV,2Story,241000
8,1288,2,Veenker,Gd,Ex,Gd,PConc,Fin,Attchd,Normal,RL,1Story,245500
7,1310,2,CollgCr,Gd,Gd,Gd,PConc,Fin,Attchd,Partial,RL,1Story,164990
5,672,1,Sawyer,TA,TA,TA,PConc,Unf,Detchd,Normal,RL,1Story,108000
8,2263,2,NoRidge,Gd,Gd,Gd,PConc,Fin,BuiltIn,Abnorml,RL,2Story,258000
6,1572,2,Gilbert,TA,TA,Gd,PConc,Fin,BuiltIn,Normal,RL,2Story,168000
4,1620,2,Sawyer,TA,TA,TA,CBlock,Unf,Attchd,Normal,RL,1Story,150000
6,1639,1,SWISU,TA,TA,TA,BrkTil,Unf,Detchd,Normal,RL,1.5Fin,115000
6,1680,1,Crawfor,TA,TA,Gd,BrkTil,Unf,Attchd,Normal,RL,2Story,177000
7,2172,3,NridgHt,Gd,Gd,Ex,PConc,RFn,Attchd,Partial,RL,2Story,280000
8,2078,3,Somerst,Gd,Ex,Ex,PConc,Fin,Attchd,Partial,FV,2Story,339750
5,1276,1,Edwards,TA,TA,TA,CBlock,Unf,Attchd,Abnorml,RL,1Story,60000
5,1056,2,Gilbert,TA,TA,TA,CBlock,Fin,Attchd,Normal,RL,1Story,145000
7,1478,2,Somerst,Ex,Gd,Ex,PConc,Fin,Attchd,Partial,FV,1Story,222000
5,1028,2,OldTown,TA,TA,TA,CBlock,Unf,Detchd,Normal,RM,1Story,115000
7,2097,3,SawyerW,Gd,Gd,Gd,PConc,Unf,Attchd,Normal,RL,2Story,228000
7,1340,2,Gilbert,Gd,Gd,Gd,PConc,Fin,Attchd,Partial,RL,1Story,181134
6,1400,2,Sawyer,TA,TA,TA,CBlock,Fin,Attchd,Normal,RL,2Story,149500
6,2624,3,Crawfor,TA,TA,Gd,BrkTil,Unf,Detchd,Normal,RL,2Story,239000
5,1134,1,Edwards,TA,TA,TA,BrkTil,Unf,Detchd,AdjLand,RL,1.5Fin,126000
5,1056,1,NAmes,TA,TA,TA,CBlock,Unf,Attchd,Normal,RL,1Story,142000
7,1344,4,Mitchel,TA,TA,Gd,PConc,Fin,Attchd,Alloca,RM,SFoyer,206300
6,1602,2,NWAmes,Gd,Gd,Gd,CBlock,Fin,Attchd,Normal,RL,1Story,215000
5,988,2,Mitchel,TA,TA,TA,CBlock,RFn,Attchd,Normal,RL,1Story,113000
8,2630,3,NoRidge,Gd,Gd,Gd,PConc,Fin,Attchd,Normal,RL,2Story,315000
6,1196,1,NAmes,TA,TA,Gd,CBlock,RFn,Attchd,Normal,RL,1Story,139000
7,1389,1,OldTown,TA,TA,TA,CBlock,Unf,Detchd,Normal,RM,2Story,135000
7,1644,2,SawyerW,Gd,Gd,Gd,PConc,Fin,Attchd,Normal,RL,SLvl,275000
4,907,1,NAmes,TA,TA,TA,CBlock,Unf,Detchd,Normal,RL,1Story,109008
7,1208,2,CollgCr,Gd,Gd,Gd,PConc,RFn,Attchd,Partial,RL,1Story,195400
6,1412,2,Timber,TA,Gd,Gd,CBlock,Unf,Attchd,Normal,RL,1Story,175000
6,987,1,BrDale,TA,TA,TA,CBlock,Unf,Detchd,Abnorml,RM,2Story,85400
6,1198,0,OldTown,TA,TA,TA,BrkTil,,,Abnorml,RM,1.5Fin,79900
5,1365,2,BrDale,TA,TA,TA,CBlock,Unf,Detchd,Normal,RM,2Story,122500
6,1604,2,Gilbert,TA,TA,Gd,PConc,Fin,Attchd,Normal,RL,2Story,181000
4,630,0,MeadowV,TA,TA,Gd,CBlock,,,Normal,RM,SFoyer,81000
7,1661,2,CollgCr,Gd,Gd,Gd,PConc,RFn,Attchd,Normal,RL,2Story,212000
6,1118,2,OldTown,TA,TA,Fa,BrkTil,Unf,Detchd,Normal,RM,1.5Fin,116000
6,904,1,BrkSide,Gd,TA,TA,PConc,Unf,Detchd,Normal,RM,1.5Unf,119000
5,694,1,Crawfor,TA,Gd,TA,PConc,Unf,Detchd,Normal,RL,1Story,90350
6,1196,2,Edwards,TA,Gd,TA,BrkTil,Unf,Detchd,Normal,RL,1.5Fin,110000
10,2402,3,NridgHt,Ex,Ex,Ex,PConc,Fin,Attchd,Normal,RL,1Story,555000
4,1440,0,Edwards,TA,Fa,TA,CBlock,,,Normal,RL,1Story,118000
5,1573,2,BrkSide,TA,TA,TA,PConc,Unf,Detchd,Normal,RM,1.5Fin,162900
7,1258,3,Blmngtn,Gd,Gd,Ex,PConc,Fin,Attchd,Partial,RL,1Story,172500
7,1908,2,CollgCr,Gd,Gd,Gd,PConc,Unf,Attchd,Normal,RL,2Story,210000
6,1689,2,Edwards,TA,TA,TA,CBlock,Unf,Attchd,Normal,RL,1Story,127500
6,1888,2,NAmes,Gd,Gd,TA,CBlock,Fin,Attchd,Normal,RL,1Story,190000
7,1886,2,Gilbert,Gd,Gd,Gd,PConc,Fin,Attchd,Normal,RL,2Story,199900
6,1376,1,IDOTRR,TA,TA,TA,BrkTil,Unf,Detchd,Normal,RM,1.5Fin,119500
3,1183,1,OldTown,TA,TA,TA,CBlock,Unf,Detchd,Normal,RM,1.5Fin,120000
6,813,1,OldTown,TA,Gd,TA,BrkTil,Unf,Detchd,Normal,RM,1Story,110000
7,1533,2,ClearCr,TA,Gd,Gd,CBlock,Unf,Attchd,Normal,RL,1Story,280000
6,1756,2,Timber,Gd,TA,Ex,PConc,Fin,Attchd,Normal,RL,2Story,204000
8,1590,2,Somerst,Gd,Gd,Gd,PConc,RFn,Attchd,Normal,FV,2Story,210000
5,1728,2,Mitchel,TA,TA,TA,CBlock,Unf,Detchd,Family,RL,1Story,188000
7,1242,2,NWAmes,TA,TA,TA,CBlock,Unf,Attchd,Normal,RL,1Story,175500
5,1344,3,OldTown,TA,TA,TA,BrkTil,Unf,Detchd,Abnorml,RM,2Story,98000
4,1663,2,ClearCr,TA,Gd,Gd,CBlock,Fin,Attchd,Normal,RL,1Story,256000
8,1666,1,OldTown,TA,Gd,TA,PConc,Unf,Detchd,Normal,RM,2Story,161000
5,1203,1,BrkSide,TA,Gd,TA,CBlock,Unf,Detchd,Normal,RL,1.5Fin,110000
8,1935,2,Somerst,Gd,TA,Gd,PConc,Fin,BuiltIn,Partial,FV,2Story,263435
7,1135,2,SWISU,Gd,Gd,Gd,PConc,RFn,Detchd,Normal,RL,2Story,155000
5,864,1,Sawyer,TA,TA,TA,CBlock,Unf,Detchd,Normal,RL,1Story,62383
6,1660,1,Crawfor,TA,TA,TA,CBlock,Unf,Detchd,Normal,RL,2Story,188700
5,1040,0,CollgCr,TA,TA,Gd,CBlock,,,Normal,RL,1Story,124000
7,1414,2,Blmngtn,Gd,Gd,Gd,PConc,Fin,Attchd,Normal,RM,1Story,178740
7,1277,2,NAmes,TA,TA,TA,CBlock,Unf,Attchd,Normal,RL,1Story,167000
5,1644,1,NAmes,TA,Gd,TA,CBlock,Unf,Attchd,Normal,RL,2Story,146500
8,1634,3,NridgHt,Gd,Gd,Gd,PConc,RFn,Attchd,Normal,RL,1Story,250000
6,1710,2,SawyerW,Gd,Gd,Gd,PConc,RFn,Attchd,Normal,RL,2Story,187000
8,1502,2,StoneBr,Gd,Gd,Gd,PConc,RFn,Attchd,Normal,RL,1Story,212000
7,1969,2,NWAmes,TA,TA,Gd,CBlock,RFn,Attchd,Normal,RL,2Story,190000
6,1072,2,Edwards,TA,TA,Gd,PConc,RFn,Basment,Normal,RM,SLvl,148000
8,1976,3,NridgHt,Gd,Gd,Ex,PConc,RFn,Attchd,Partial,RL,1Story,440000
8,1652,2,StoneBr,Gd,Ex,Gd,PConc,RFn,Attchd,Normal,RL,1Story,251000
5,970,2,Sawyer,TA,TA,TA,CBlock,Unf,Detchd,Normal,RL,1Story,132500
6,1493,2,CollgCr,TA,Gd,Gd,PConc,Fin,Attchd,Normal,RL,1Story,208900
9,2643,3,NridgHt,Ex,Ex,Gd,PConc,Fin,BuiltIn,Normal,RL,2Story,380000
8,1718,3,CollgCr,Gd,Gd,Ex,PConc,RFn,Attchd,Normal,RL,1Story,297000
4,1131,2,OldTown,TA,TA,Fa,BrkTil,Unf,Detchd,Alloca,RM,1Story,89471
9,1850,3,NridgHt,Gd,Gd,Ex,PConc,Fin,Attchd,Normal,RL,1Story,326000
9,1792,3,NridgHt,Gd,Ex,Ex,PConc,Fin,Attchd,Normal,RL,1Story,374000
7,1826,1,OldTown,Gd,Ex,TA,PConc,Unf,Attchd,Normal,RM,2Story,155000
6,1216,2,Mitchel,TA,TA,Ex,PConc,Unf,Attchd,Normal,RM,1Story,164000
5,999,1,Sawyer,TA,Gd,TA,CBlock,Unf,Detchd,Normal,RL,1Story,132500
5,1113,1,NAmes,Gd,Gd,TA,CBlock,Unf,Attchd,Normal,RL,1Story,147000
5,1073,2,NAmes,TA,TA,TA,CBlock,RFn,Attchd,Normal,RL,1Story,156000
5,1484,2,NWAmes,TA,TA,Gd,CBlock,Unf,Attchd,Normal,RL,1Story,175000
5,2414,2,OldTown,TA,TA,TA,CBlock,Unf,Attchd,Normal,RL,1.5Fin,160000
4,630,1,MeadowV,TA,Gd,Gd,CBlock,Unf,Attchd,Normal,RM,SFoyer,86000
5,1304,1,MeadowV,TA,TA,Gd,PConc,Fin,BuiltIn,Normal,RM,2Story,115000
6,1578,1,NAmes,TA,Fa,TA,CBlock,Unf,Attchd,Normal,RL,1.5Fin,133000
6,1456,2,Gilbert,Gd,TA,Gd,PConc,RFn,Attchd,Partial,RL,2Story,172785
5,1269,1,NAmes,TA,TA,TA,CBlock,Unf,Detchd,Normal,RL,1Story,155000
5,886,1,OldTown,TA,TA,Fa,BrkTil,Unf,Attchd,Normal,RM,1Story,91300
4,720,0,IDOTRR,TA,TA,TA,CBlock,,,Abnorml,C (all),1Story,34900
8,3228,2,NoRidge,Gd,Gd,Gd,PConc,RFn,Attchd,Normal,RL,1Story,430000
7,1820,1,BrkSide,TA,TA,TA,PConc,Unf,Detchd,Normal,RL,1.5Fin,184000
5,899,1,Sawyer,TA,Gd,TA,PConc,Fin,Attchd,Normal,RL,1Story,130000
5,912,1,NAmes,TA,TA,TA,CBlock,Fin,Attchd,Normal,RL,1Story,120000
6,1218,1,BrDale,TA,TA,TA,CBlock,Unf,Detchd,Normal,RM,2Story,113000
7,1768,2,Somerst,Gd,Gd,Gd,PConc,RFn,Attchd,Normal,FV,2Story,226700
5,1214,2,Edwards,TA,TA,TA,CBlock,Unf,Detchd,Normal,RL,1Story,140000
7,1801,2,Crawfor,TA,TA,TA,CBlock,Fin,Attchd,Normal,RL,1Story,289000
6,1322,2,NPkVill,TA,TA,TA,CBlock,Unf,Attchd,Normal,RL,2Story,147000
5,1960,2,OldTown,TA,TA,TA,CBlock,Unf,Detchd,Normal,RM,2Story,124500
8,1911,2,SawyerW,Gd,Gd,Gd,PConc,RFn,Attchd,Normal,RL,2Story,215000
6,1218,2,Somerst,Gd,Gd,Gd,PConc,Fin,Attchd,Partial,FV,1Story,208300
7,1378,2,OldTown,TA,Gd,TA,BrkTil,Unf,Detchd,Normal,RM,2Story,161000
5,1041,1,NAmes,TA,TA,TA,CBlock,RFn,Attchd,Normal,RL,1Story,124500
5,1363,1,NAmes,Gd,TA,TA,CBlock,Unf,CarPort,Normal,RL,1Story,164900
7,1368,2,NridgHt,Gd,Gd,Gd,PConc,RFn,Attchd,Partial,RL,1Story,202665
5,864,2,NAmes,TA,TA,TA,CBlock,Unf,Detchd,Normal,RL,1Story,129900
6,1080,2,Mitchel,TA,TA,TA,PConc,Unf,Attchd,Normal,RL,1Story,134000
5,789,1,Crawfor,TA,TA,TA,BrkTil,Unf,Detchd,Normal,RL,1.5Unf,96500
10,2020,3,NridgHt,Ex,Ex,Ex,CBlock,Fin,Attchd,Partial,RL,1Story,402861
6,2119,2,NWAmes,TA,TA,TA,CBlock,RFn,Attchd,Abnorml,RL,SLvl,158000
7,2344,3,NoRidge,Gd,Gd,Gd,PConc,RFn,Attchd,Normal,RL,2Story,265000
6,1796,2,CollgCr,TA,TA,Gd,PConc,RFn,Attchd,Normal,RL,2Story,211000
7,2080,1,Crawfor,Gd,Gd,Gd,BrkTil,Unf,Detchd,Normal,RL,2Story,234000
4,1294,0,OldTown,TA,TA,,BrkTil,,,Normal,RL,2Story,106250
6,1244,1,NAmes,TA,TA,TA,CBlock,Unf,Attchd,Normal,RL,1Story,150000
6,1664,2,BrkSide,TA,TA,TA,CBlock,Unf,Detchd,Normal,RM,1.5Fin,159000
10,4676,3,Edwards,Ex,Ex,Ex,PConc,Fin,BuiltIn,Partial,RL,2Story,184750
7,2398,3,NoRidge,Gd,Gd,Gd,PConc,Fin,Attchd,Normal,RL,2Story,315750
7,1266,2,Somerst,Gd,Gd,Gd,PConc,Unf,Attchd,Normal,FV,1Story,176000
5,928,1,NAmes,TA,TA,Gd,CBlock,Unf,Attchd,Normal,RL,1Story,132000
9,2713,3,NridgHt,Ex,Ex,Ex,PConc,Fin,Attchd,Partial,RL,2Story,446261
4,605,0,Edwards,TA,TA,TA,BrkTil,,,Normal,RL,1Story,86000
6,2515,2,Crawfor,Gd,TA,TA,PConc,RFn,Attchd,Alloca,RL,1Story,200624
6,1509,2,Timber,Gd,Gd,Gd,CBlock,RFn,Attchd,Abnorml,RL,SLvl,175000
6,1362,2,BrkSide,TA,TA,Fa,BrkTil,Fin,Detchd,Normal,RM,2Story,128000
5,827,1,NAmes,TA,TA,,Slab,Unf,Detchd,Normal,RL,1Story,107500
1,334,0,BrkSide,Fa,Fa,,Slab,,,Normal,RL,1Story,39300
8,1414,2,Gilbert,Gd,Gd,Ex,PConc,Fin,Attchd,Normal,RL,2Story,178000
5,1347,0,Edwards,TA,TA,Gd,CBlock,,,Normal,RL,2Story,107500
7,1724,2,CollgCr,TA,Gd,Gd,PConc,Fin,Attchd,Normal,RL,2Story,188000
4,864,2,NAmes,TA,TA,TA,CBlock,Unf,Detchd,Normal,RL,1Story,111250
5,1159,1,Sawyer,TA,TA,TA,CBlock,Unf,Attchd,Normal,RL,1Story,158000
8,1601,2,CollgCr,Gd,Gd,Gd,PConc,RFn,Attchd,Normal,RL,1Story,272000
9,1838,3,Timber,Ex,Ex,Ex,PConc,Fin,Attchd,Normal,RL,1Story,315000
8,2285,3,NoRidge,Gd,Gd,Gd,PConc,Fin,BuiltIn,Normal,RL,2Story,248000
7,1680,2,NWAmes,Gd,Gd,Ex,PConc,Fin,Attchd,Normal,RL,1Story,213250
7,767,1,NAmes,TA,TA,Gd,PConc,Fin,Attchd,Normal,RH,SFoyer,133000
7,1496,2,Gilbert,Gd,Gd,Gd,PConc,RFn,Attchd,Partial,RL,2Story,179665
7,2183,3,NWAmes,Gd,Gd,Gd,PConc,Unf,Attchd,Normal,RL,1.5Fin,229000
6,1635,2,BrkSide,TA,TA,Gd,BrkTil,Unf,Detchd,Normal,RL,1.5Fin,210000
5,768,2,Mitchel,TA,TA,Gd,CBlock,Unf,Detchd,Normal,RL,SFoyer,129500
5,825,2,OldTown,TA,TA,TA,CBlock,RFn,Detchd,Normal,RM,1Story,125000
7,2094,2,Somerst,Gd,Gd,Gd,PConc,Fin,BuiltIn,Normal,FV,2Story,263000
6,1069,2,NPkVill,TA,TA,Gd,CBlock,RFn,Attchd,Abnorml,RL,1Story,140000
5,928,1,OldTown,TA,TA,TA,CBlock,Fin,Attchd,Normal,RM,1Story,112500
8,1717,3,NridgHt,Gd,Gd,Ex,PConc,RFn,Attchd,Normal,RL,1Story,255500
4,1126,2,Edwards,TA,Gd,,CBlock,Fin,Detchd,Normal,RL,1Story,108000
7,2046,3,NridgHt,Gd,Gd,Gd,PConc,RFn,BuiltIn,Normal,RL,2Story,284000
5,1048,1,BrkSide,TA,TA,TA,BrkTil,Unf,Detchd,Normal,RM,1.5Unf,113000
5,1092,1,NAmes,TA,TA,TA,CBlock,Fin,Attchd,Normal,RL,1Story,141000
4,1336,1,IDOTRR,TA,TA,TA,CBlock,Unf,CarPort,Normal,C (all),1.5Fin,108000
7,1446,2,Gilbert,TA,TA,Gd,PConc,Unf,Attchd,Normal,RL,2Story,175000
7,1557,2,Blmngtn,Gd,Gd,Gd,PConc,Fin,Attchd,Normal,RL,1Story,234000
5,1392,2,Sawyer,TA,TA,Gd,CBlock,Unf,Detchd,Normal,RL,1Story,121500
5,1389,2,Mitchel,TA,TA,Gd,CBlock,RFn,Attchd,Normal,RL,1Story,170000
5,996,0,Edwards,TA,TA,TA,CBlock,,,Normal,RL,1Story,108000
6,1674,2,Edwards,TA,TA,Gd,BrkTil,Fin,Detchd,Normal,RL,1.5Fin,185000
7,2295,2,NoRidge,Gd,Gd,Gd,PConc,RFn,Attchd,Normal,RL,2Story,268000
6,1647,1,SWISU,TA,Fa,Gd,PConc,Unf,Detchd,Normal,RL,2Story,128000
9,2504,3,StoneBr,Gd,Ex,Gd,PConc,Fin,BuiltIn,Normal,RL,2Story,325000
7,1535,2,NridgHt,Gd,Gd,Gd,PConc,RFn,Attchd,Normal,RL,1Story,214000
8,2132,2,SawyerW,Gd,Gd,Gd,CBlock,Fin,BuiltIn,Normal,RL,1.5Fin,316600
5,943,2,NAmes,TA,TA,Gd,CBlock,Unf,Detchd,Normal,RL,SFoyer,135960
5,1728,2,NAmes,TA,TA,TA,CBlock,Unf,Detchd,Normal,RL,1Story,142600
6,864,1,NAmes,TA,Gd,TA,CBlock,Unf,Attchd,Abnorml,RL,1Story,120000
7,1692,2,Timber,TA,Gd,Ex,PConc,RFn,Attchd,Partial,RL,2Story,224500
7,1430,2,Gilbert,TA,TA,Gd,PConc,RFn,BuiltIn,Normal,RL,SLvl,170000
5,1109,1,NAmes,TA,TA,TA,CBlock,Unf,BuiltIn,Normal,RL,SLvl,139000
5,1216,1,NAmes,TA,TA,TA,CBlock,Unf,Detchd,Abnorml,RL,1.5Fin,118500
7,1477,1,SWISU,TA,TA,TA,BrkTil,Unf,Detchd,Normal,RL,1.5Fin,145000
5,1320,2,Sawyer,TA,TA,TA,CBlock,RFn,Attchd,Abnorml,RL,SLvl,164500
7,1392,2,Somerst,Gd,Gd,Gd,PConc,Unf,Detchd,Abnorml,FV,2Story,146000
5,1795,1,OldTown,TA,TA,TA,BrkTil,Unf,Attchd,Normal,RM,1.5Fin,131500
6,1429,2,NAmes,TA,Gd,TA,CBlock,Unf,Attchd,Normal,RL,1Story,181900
8,2042,3,NridgHt,Ex,Ex,Ex,PConc,RFn,Attchd,Partial,RL,1Story,253293
6,816,0,Edwards,TA,TA,Gd,CBlock,,,Normal,RL,SFoyer,118500
10,2775,2,OldTown,Ex,Gd,TA,BrkTil,Unf,Detchd,Normal,RM,2.5Unf,325000
4,1573,1,BrkSide,TA,Gd,TA,BrkTil,Unf,Detchd,Normal,RM,1.5Fin,133000
8,2028,3,Timber,Gd,Gd,Ex,PConc,RFn,Attchd,Partial,RL,1Story,369900
6,838,1,BrkSide,TA,Fa,TA,BrkTil,Fin,Detchd,Normal,RL,1Story,130000
5,860,2,Sawyer,TA,TA,TA,CBlock,Unf,Detchd,Normal,RL,SFoyer,137000
5,1473,1,ClearCr,TA,Ex,TA,CBlock,Unf,Attchd,Partial,RL,1Story,143000
5,935,1,BrkSide,TA,TA,TA,BrkTil,Unf,Detchd,Normal,RM,1Story,79500
7,1582,2,CollgCr,Gd,Gd,Gd,PConc,RFn,Attchd,Normal,RL,2Story,185900
10,2296,3,NridgHt,Ex,Ex,Ex,PConc,RFn,BuiltIn,Normal,RL,2Story,451950
5,816,2,Mitchel,TA,TA,TA,PConc,Fin,Detchd,Normal,RL,1Story,138000
6,848,2,CollgCr,Gd,Gd,Gd,PConc,Fin,Attchd,Normal,RM,1Story,140000
5,924,1,CollgCr,TA,TA,Gd,CBlock,Unf,Detchd,Normal,RL,1Story,110000
8,1826,3,StoneBr,Gd,Gd,Gd,PConc,Fin,Attchd,Partial,RL,1Story,319000
6,1368,1,OldTown,TA,TA,TA,CBlock,Unf,Detchd,Normal,RM,2Story,114504
7,1402,3,Blmngtn,Gd,Gd,Ex,PConc,Fin,Attchd,Partial,RL,1Story,194201
5,1647,2,Crawfor,TA,Gd,Gd,CBlock,Fin,Attchd,Normal,RL,1Story,217500
6,1556,2,Blueste,TA,TA,Gd,CBlock,Fin,Attchd,Normal,RM,2Story,151000
8,1904,2,NridgHt,Gd,Ex,Gd,PConc,Fin,BuiltIn,Normal,RL,2Story,275000
6,1375,1,IDOTRR,TA,Gd,TA,PConc,Unf,Detchd,Normal,RM,1.5Fin,141000
8,1915,2,SawyerW,Gd,Gd,Gd,PConc,Fin,Attchd,Abnorml,RL,2Story,220000
7,1200,2,Somerst,Gd,Gd,Gd,PConc,RFn,Detchd,Normal,FV,2Story,151000
7,1494,2,CollgCr,Gd,Gd,Gd,PConc,RFn,Attchd,Normal,RL,1Story,221000
7,1986,2,NAmes,TA,TA,TA,CBlock,Unf,Attchd,Normal,RL,2Story,205000
5,1040,2,CollgCr,TA,Gd,Gd,PConc,Unf,Detchd,Normal,RL,1Story,152000
5,2008,1,Edwards,TA,Ex,TA,CBlock,Unf,Attchd,Normal,RL,2Story,225000
8,3194,2,Crawfor,TA,TA,Gd,PConc,Unf,Basment,Alloca,RL,2Story,359100
4,1029,1,Sawyer,TA,TA,TA,CBlock,Unf,Attchd,Normal,RL,1Story,118500
9,2153,3,CollgCr,Gd,Ex,Ex,PConc,Fin,Attchd,Normal,RL,2Story,313000
6,1032,2,NWAmes,TA,TA,Gd,CBlock,Unf,Attchd,Normal,RL,SLvl,148000
8,1872,2,CollgCr,Gd,Ex,Gd,PConc,RFn,BuiltIn,Normal,RL,2Story,261500
5,1120,0,Mitchel,TA,TA,Gd,PConc,,,Partial,RL,1Story,147000
4,630,0,MeadowV,TA,TA,Gd,CBlock,,,Normal,RM,SFoyer,75500
6,1054,2,NAmes,TA,Gd,TA,PConc,RFn,Attchd,Abnorml,RL,SFoyer,137500
6,1509,2,Gilbert,Gd,Gd,Gd,PConc,Fin,Attchd,Normal,RL,2Story,183200
6,832,2,NAmes,TA,Gd,TA,CBlock,Unf,Detchd,Normal,RL,1.5Unf,105500
9,1828,3,NridgHt,Ex,Gd,Ex,PConc,Unf,Attchd,Partial,RL,1Story,314813
8,2262,3,Timber,Gd,Gd,Gd,PConc,Fin,Attchd,Normal,RL,2Story,305000
3,864,0,Edwards,TA,TA,TA,BrkTil,,,Normal,RL,1Story,67000
6,2614,2,NWAmes,TA,TA,TA,CBlock,RFn,Attchd,Normal,RL,2Story,240000
5,980,2,Sawyer,TA,TA,TA,CBlock,Unf,Detchd,Normal,RL,1Story,135000
6,1512,2,Somerst,Gd,Gd,Gd,PConc,Unf,Detchd,Normal,FV,2Story,168500
6,1790,2,NWAmes,TA,TA,TA,CBlock,RFn,Attchd,Normal,RL,2Story,165150
6,1116,2,NAmes,TA,TA,TA,CBlock,Unf,Attchd,Normal,RL,1Story,160000
5,1422,1,NAmes,TA,TA,TA,CBlock,RFn,Attchd,Normal,RL,1Story,139900
6,1520,1,NAmes,TA,TA,TA,CBlock,RFn,Basment,Normal,RL,SLvl,153000
5,2080,2,NAmes,TA,Fa,Gd,PConc,Unf,Attchd,Family,RL,2Story,135000
6,1350,2,NAmes,TA,TA,TA,CBlock,RFn,Attchd,Normal,RL,SLvl,168500
5,1750,1,OldTown,TA,Ex,Fa,BrkTil,Unf,Detchd,Abnorml,RM,2Story,124000
8,1554,2,NridgHt,Gd,Gd,Gd,PConc,RFn,Attchd,Normal,RL,1Story,209500
7,1411,2,NWAmes,TA,TA,TA,CBlock,Fin,Attchd,Family,RL,1Story,82500
5,1056,1,NAmes,TA,TA,TA,CBlock,Unf,Attchd,Normal,RL,1Story,139400
6,1056,2,OldTown,TA,TA,TA,CBlock,Unf,Detchd,Normal,RL,SFoyer,144000
6,3395,0,SWISU,Fa,Fa,TA,CBlock,,,Abnorml,RH,2.5Fin,200000
2,800,0,BrkSide,Fa,Fa,TA,BrkTil,,,Normal,RM,1Story,60000
5,1387,1,OldTown,TA,Gd,TA,CBlock,Unf,BuiltIn,Normal,RM,1.5Fin,93000
5,796,0,Edwards,TA,TA,Fa,CBlock,,,Normal,RL,1Story,85000
8,1567,3,Blmngtn,Gd,Ex,Gd,PConc,Fin,Attchd,Partial,RL,1Story,264561
8,1518,2,NridgHt,Ex,Ex,Ex,PConc,RFn,Attchd,Normal,RL,1Story,274000
7,1929,2,Somerst,Gd,Gd,Gd,PConc,Fin,Attchd,Normal,FV,2Story,226000
8,2704,2,NAmes,Gd,Ex,Gd,CBlock,Fin,Attchd,Normal,RL,SLvl,345000
5,1620,2,NWAmes,TA,TA,TA,CBlock,Fin,Attchd,Normal,RL,2Story,152000
9,1766,3,Somerst,Ex,Ex,Ex,PConc,Fin,Attchd,Partial,FV,1Story,370878
6,981,2,NAmes,TA,TA,TA,CBlock,Unf,Detchd,Normal,RL,1Story,143250
5,1048,2,NAmes,TA,TA,,CBlock,Unf,Detchd,Normal,RL,1Story,98300
6,1094,2,Edwards,TA,TA,TA,CBlock,RFn,Attchd,Normal,RL,1Story,155000
6,1839,2,NAmes,TA,TA,TA,CBlock,Unf,Attchd,Normal,RL,2Story,155000
4,630,0,MeadowV,TA,TA,Gd,CBlock,,,Normal,RM,SFoyer,84500
7,1665,2,Somerst,Gd,Gd,Gd,PConc,RFn,Attchd,Normal,FV,2Story,205950
4,1510,1,Edwards,TA,TA,TA,CBlock,Unf,Detchd,Normal,RL,2Story,108000
7,1716,2,CollgCr,Gd,Gd,Gd,PConc,RFn,Attchd,Normal,RL,2Story,191000
6,1469,1,IDOTRR,TA,TA,TA,CBlock,Unf,Detchd,Normal,RM,1.5Fin,135000
8,2113,3,NoRidge,Gd,Gd,Gd,PConc,Fin,Attchd,Normal,RL,1Story,350000
6,1092,1,BrDale,TA,TA,TA,CBlock,Unf,Detchd,Family,RM,2Story,88000
5,1053,1,NAmes,Gd,Gd,TA,CBlock,RFn,Attchd,Normal,RL,1Story,145500
7,1502,1,Crawfor,TA,TA,Gd,BrkTil,RFn,Attchd,Normal,RL,2Story,149000
6,1458,1,NAmes,TA,TA,TA,CBlock,Unf,Attchd,Abnorml,RL,1.5Fin,97500
5,1486,2,Edwards,TA,TA,TA,PConc,Fin,Detchd,Normal,RL,1Story,167000
7,1935,2,NWAmes,TA,TA,Gd,CBlock,RFn,Attchd,Normal,RL,2Story,197900
8,2448,3,NoRidge,Gd,Gd,Gd,PConc,RFn,Attchd,Normal,RL,2Story,402000
6,1392,2,NAmes,TA,TA,Fa,CBlock,RFn,Attchd,Normal,RL,1Story,110000
4,1181,2,Edwards,TA,TA,Gd,CBlock,RFn,Detchd,Normal,RL,SFoyer,137500
8,2097,3,Somerst,Gd,Ex,Ex,PConc,Fin,Attchd,Partial,RL,1Story,423000
8,1936,2,Gilbert,Gd,Gd,Gd,PConc,RFn,Attchd,Normal,RL,2Story,230500
6,2380,2,NAmes,TA,TA,Gd,CBlock,Unf,CarPort,Abnorml,RL,2Story,129000
6,1679,2,SawyerW,TA,Gd,Gd,PConc,RFn,Attchd,Normal,RL,1Story,193500
5,1437,2,Sawyer,TA,TA,TA,CBlock,Unf,Detchd,Normal,RL,1Story,168000
4,1180,1,Crawfor,TA,Fa,Fa,BrkTil,Unf,Detchd,Normal,RL,1Story,137500
6,1476,2,CollgCr,Gd,Gd,Gd,PConc,Fin,Attchd,Normal,RL,2Story,173500
6,1369,1,Edwards,TA,TA,TA,BrkTil,Unf,Detchd,Normal,RH,2Story,103600
6,1208,2,Veenker,Gd,TA,Gd,CBlock,RFn,Attchd,Normal,RL,1Story,165000
6,1839,2,Crawfor,TA,Gd,TA,PConc,Fin,Attchd,Normal,RL,1Story,257500
6,1136,1,NAmes,TA,TA,TA,CBlock,RFn,Attchd,Normal,RL,1Story,140000
6,1441,2,NPkVill,TA,TA,TA,CBlock,Unf,Attchd,Normal,RL,2Story,148500
4,1774,3,OldTown,TA,TA,TA,BrkTil,Unf,2Types,Normal,RM,2Story,87000
5,792,1,OldTown,Gd,Gd,TA,BrkTil,Unf,Detchd,Normal,RL,1Story,109500
8,2046,3,StoneBr,Gd,Gd,Ex,PConc,Fin,Attchd,Partial,RL,1Story,372500
5,988,2,Sawyer,TA,TA,TA,CBlock,Unf,Detchd,Normal,RL,1Story,128500
6,923,1,SawyerW,TA,TA,Gd,CBlock,RFn,Attchd,Normal,RL,1Story,143000
5,1520,1,SWISU,TA,TA,TA,BrkTil,Unf,Detchd,Abnorml,RH,1.5Fin,159434
6,1291,2,ClearCr,TA,Gd,Gd,PConc,Unf,Attchd,Normal,RL,1Story,173000
9,1668,3,CollgCr,Gd,Gd,Gd,PConc,Fin,Attchd,Normal,RL,1Story,285000
7,1839,2,NoRidge,Gd,TA,Gd,PConc,Fin,Attchd,Normal,RL,2Story,221000
7,2090,2,StoneBr,Gd,Gd,Gd,CBlock,Fin,Attchd,Normal,RL,2Story,207500
7,1761,2,Somerst,Gd,Gd,Gd,PConc,Fin,Attchd,Partial,FV,2Story,227875
7,1102,2,Somerst,Gd,Gd,Gd,PConc,Unf,Detchd,Normal,FV,2Story,148800
8,1419,2,StoneBr,Gd,Gd,Gd,PConc,RFn,Attchd,Partial,RL,1Story,392000
6,1362,2,NridgHt,Gd,Gd,Gd,PConc,RFn,Attchd,Normal,RL,1Story,194700
6,848,2,CollgCr,Gd,Gd,Gd,PConc,RFn,Attchd,Normal,RM,1Story,141000
10,4316,3,NoRidge,Ex,Ex,Ex,PConc,Fin,Attchd,Normal,RL,2Story,755000
7,2519,2,Timber,Gd,Gd,Gd,PConc,RFn,Attchd,Normal,RL,2Story,335000
5,1073,1,OldTown,TA,TA,TA,BrkTil,Unf,Detchd,Abnorml,RL,1Story,108480
5,1539,2,BrkSide,TA,TA,TA,BrkTil,Unf,Detchd,Normal,RM,1.5Fin,141500
6,1137,2,Timber,TA,Gd,Gd,CBlock,Unf,Attchd,Normal,RL,1Story,176000
5,616,1,BrkSide,TA,TA,TA,CBlock,Unf,Detchd,Normal,RM,1Story,89000
5,1148,1,Edwards,TA,TA,Ex,PConc,Unf,Detchd,Normal,RL,1Story,123500
5,894,1,Sawyer,TA,TA,TA,CBlock,Unf,Detchd,Normal,RL,1Story,138500
7,1391,2,Somerst,Gd,Gd,Gd,PConc,RFn,Attchd,Normal,FV,1Story,196000
8,1800,3,Timber,Gd,Gd,Ex,PConc,Fin,Attchd,Normal,RL,1Story,312500
7,1164,2,NWAmes,TA,TA,TA,CBlock,Unf,Attchd,Normal,RL,1Story,140000
8,2576,3,StoneBr,Ex,Ex,Ex,PConc,Fin,BuiltIn,Partial,RL,2Story,361919
5,1812,2,OldTown,TA,Gd,Gd,BrkTil,Unf,Detchd,Normal,RM,2Story,140000
7,1484,2,CollgCr,Gd,Gd,Gd,PConc,RFn,Attchd,Normal,RL,1Story,213000
4,1092,0,IDOTRR,Fa,Fa,,Slab,,,Normal,RM,2Story,55000
7,1824,2,ClearCr,TA,Gd,Gd,CBlock,Unf,Attchd,Normal,RL,1Story,302000
8,1324,2,NridgHt,Gd,Gd,Gd,PConc,Fin,Attchd,Normal,RL,1Story,254000
7,1456,2,Gilbert,Gd,Gd,Gd,PConc,Fin,Attchd,Partial,RL,2Story,179540
5,904,1,Sawyer,TA,TA,TA,PConc,Unf,Attchd,Abnorml,RL,1Story,109900
3,729,0,BrkSide,Gd,TA,TA,CBlock,,,Normal,RL,1Story,52000
4,1178,1,IDOTRR,TA,TA,TA,Stone,RFn,Detchd,Abnorml,C (all),1.5Fin,102776
8,1228,2,StoneBr,Gd,Gd,Gd,PConc,Fin,Attchd,Normal,RL,1Story,189000
4,960,2,BrkSide,TA,TA,TA,CBlock,Unf,Detchd,Normal,RL,1Story,129000
6,1479,2,Sawyer,Gd,Gd,TA,CBlock,RFn,Attchd,Normal,RL,2Story,130500
6,1350,2,NWAmes,TA,TA,Gd,CBlock,RFn,Attchd,Normal,RL,1Story,165000
7,2554,2,OldTown,TA,TA,TA,BrkTil,Unf,Detchd,Normal,RM,2Story,159500
5,1178,2,NWAmes,TA,Gd,Gd,CBlock,Unf,Attchd,Normal,RL,1Story,157000
7,2418,3,NoRidge,Gd,Gd,Gd,PConc,RFn,Attchd,Normal,RL,2Story,341000
5,971,1,CollgCr,TA,TA,Gd,CBlock,Unf,Attchd,Normal,RL,1Story,128500
8,1742,2,StoneBr,Gd,Gd,Gd,PConc,RFn,Attchd,Normal,RL,1Story,275000
6,848,2,CollgCr,Gd,Gd,Gd,PConc,RFn,Attchd,Normal,RM,1Story,143000
4,864,2,NAmes,TA,TA,TA,CBlock,Unf,Detchd,Normal,RL,1Story,124500
4,1470,1,Edwards,TA,TA,TA,PConc,Unf,Detchd,Normal,RL,1.5Fin,135000
9,1698,3,Edwards,Ex,Ex,Ex,PConc,Fin,Attchd,Normal,RL,1Story,320000
4,864,2,NAmes,TA,Gd,TA,CBlock,Unf,Detchd,Normal,RL,1Story,120500
6,1680,2,Crawfor,Gd,Gd,Gd,CBlock,Fin,Attchd,Normal,RL,1Story,222000
7,1232,2,CollgCr,Gd,Gd,Gd,PConc,RFn,Attchd,Normal,RL,1Story,194500
5,1776,3,NAmes,TA,TA,TA,CBlock,Unf,Detchd,Abnorml,RL,1Story,110000
4,1208,2,IDOTRR,TA,TA,TA,CBlock,Unf,Detchd,Normal,RM,1.5Fin,103000
8,1616,2,StoneBr,Gd,Gd,Gd,PConc,RFn,Attchd,Normal,RL,1Story,236500
7,1146,2,Timber,Gd,Gd,Ex,PConc,Fin,Attchd,Normal,RL,SLvl,187500
7,2031,2,CollgCr,Gd,Gd,Gd,PConc,Fin,Attchd,Normal,RL,2Story,222500
5,1144,1,Sawyer,TA,TA,TA,CBlock,RFn,Attchd,Normal,RL,1Story,131400
5,948,1,Sawyer,TA,TA,TA,PConc,Unf,Attchd,Family,RL,1Story,108000
7,1768,2,OldTown,TA,TA,Gd,BrkTil,Unf,Detchd,Normal,RM,2.5Unf,163000
3,1040,2,NAmes,TA,TA,,CBlock,Unf,Detchd,Normal,RL,1Story,93500
8,1801,3,Gilbert,Gd,Gd,Gd,PConc,Fin,Attchd,Normal,RL,2Story,239900
5,1200,0,Edwards,TA,TA,Gd,CBlock,,,Alloca,RL,1Story,179000
7,1728,2,CollgCr,Gd,Gd,Gd,PConc,RFn,Attchd,Normal,RL,2Story,190000
5,1432,2,OldTown,TA,TA,Fa,BrkTil,Unf,Detchd,Abnorml,RM,2Story,132000
6,912,1,Sawyer,TA,Gd,TA,CBlock,Unf,Detchd,Normal,RL,1Story,142000
7,1349,2,SawyerW,TA,TA,Gd,PConc,Unf,Attchd,Normal,RL,1Story,179000
5,1464,2,Sawyer,TA,TA,Gd,CBlock,RFn,Attchd,Normal,RL,SLvl,175000
8,1337,2,StoneBr,Gd,Gd,Gd,PConc,RFn,Attchd,Normal,RL,1Story,180000
8,2715,2,NWAmes,Ex,Gd,TA,CBlock,Fin,BuiltIn,Normal,RL,2Story,299800
7,2256,2,Gilbert,Gd,Gd,Gd,PConc,Fin,BuiltIn,Normal,RL,2Story,236000
7,2640,4,OldTown,Gd,Gd,TA,Stone,Unf,Detchd,Normal,RM,2Story,265979
7,1720,2,NoRidge,Gd,Gd,Gd,PConc,Fin,Attchd,Normal,RL,1Story,260400
4,1529,1,Edwards,TA,TA,,Slab,Unf,Detchd,Normal,RL,1.5Fin,98000
4,1140,0,OldTown,TA,TA,TA,BrkTil,,,Normal,RM,1.5Fin,96500
7,1320,2,Gilbert,Gd,Gd,Gd,PConc,Fin,Attchd,Normal,RL,2Story,162000
6,1494,2,CollgCr,TA,Gd,Gd,PConc,RFn,Attchd,Normal,RL,1Story,217000
8,2098,3,NridgHt,Gd,Ex,Gd,PConc,RFn,Attchd,Normal,RL,2Story,275500
6,1026,2,NAmes,TA,Gd,TA,CBlock,RFn,Detchd,Normal,RL,1Story,156000
6,1471,2,Somerst,TA,TA,Gd,PConc,Unf,Detchd,Normal,FV,2Story,172500
8,1768,2,CollgCr,Gd,Gd,Gd,PConc,RFn,Attchd,Normal,RL,2Story,212000
6,1386,2,Sawyer,TA,TA,TA,CBlock,Fin,Attchd,Abnorml,RL,2Story,158900
7,1501,2,Somerst,TA,TA,Gd,PConc,Unf,Detchd,Normal,FV,2Story,179400
8,2531,3,NoRidge,Gd,Gd,Gd,PConc,RFn,Attchd,Normal,RL,2Story,290000
6,864,1,NAmes,TA,TA,TA,CBlock,Unf,Detchd,Normal,RL,1Story,127500
5,1301,2,BrkSide,TA,Fa,TA,PConc,Unf,Detchd,Normal,RM,1Story,100000
7,1547,2,Somerst,TA,Gd,Gd,PConc,Unf,Attchd,Normal,FV,2Story,215200
8,2365,3,NoRidge,Gd,Gd,Gd,PConc,RFn,Attchd,Normal,RL,2Story,337000
8,1494,2,Veenker,Gd,Ex,Gd,PConc,Fin,Attchd,Normal,RL,1Story,270000
9,1506,2,Somerst,Gd,Ex,Gd,PConc,Fin,Attchd,Partial,RL,1Story,264132
7,1714,2,NWAmes,TA,TA,Gd,CBlock,Unf,Attchd,Normal,RL,2Story,196500
6,1750,1,Mitchel,TA,TA,Gd,CBlock,Unf,Attchd,Normal,RL,1.5Fin,160000
7,1836,2,CollgCr,Gd,Gd,Gd,PConc,Fin,Attchd,Normal,RL,1Story,216837
8,3279,3,StoneBr,Ex,Ex,Gd,PConc,Fin,BuiltIn,Normal,RL,2Story,538000
5,858,2,Sawyer,TA,TA,Gd,CBlock,Unf,Detchd,Normal,RL,SFoyer,134900
4,1220,2,Edwards,TA,TA,Fa,CBlock,Unf,Detchd,Normal,RL,1Story,102000
6,1117,2,Edwards,TA,TA,TA,CBlock,Unf,Detchd,Abnorml,RL,SLvl,107000
5,912,1,NAmes,TA,TA,TA,CBlock,RFn,Attchd,Normal,RL,1Story,114500
8,1973,3,NridgHt,Gd,Gd,Gd,PConc,Fin,Attchd,Partial,RL,1Story,395000
6,1204,2,Mitchel,TA,TA,Ex,PConc,Fin,Attchd,Normal,RM,1Story,162000
7,1614,3,CollgCr,Gd,Gd,Gd,PConc,RFn,Attchd,Partial,RL,1Story,221500
5,894,2,Sawyer,TA,TA,TA,CBlock,Unf,Attchd,Normal,RL,1Story,142500
5,2020,2,SawyerW,TA,TA,,Slab,Unf,Detchd,Normal,RH,1Story,144000
6,1004,2,Mitchel,TA,TA,Gd,CBlock,Unf,Attchd,Normal,RL,SFoyer,135000
7,1253,2,Gilbert,TA,TA,Gd,PConc,Fin,Attchd,Normal,RL,1Story,176000
6,1603,2,SawyerW,Gd,Gd,Gd,PConc,RFn,Attchd,Normal,RL,2Story,175900
7,1430,2,CollgCr,Gd,Gd,Gd,PConc,RFn,Attchd,Normal,RL,1Story,187100
5,1110,2,Mitchel,TA,Gd,Gd,PConc,Fin,Attchd,Normal,RL,SFoyer,165500
6,1484,0,OldTown,TA,TA,TA,CBlock,,,Normal,RM,2.5Unf,128000
6,1342,2,NWAmes,TA,TA,TA,CBlock,Unf,Attchd,Normal,RL,1Story,161500
5,1652,1,OldTown,TA,TA,Fa,PConc,Unf,Detchd,Normal,RM,1.5Fin,139000
7,2084,2,SawyerW,Gd,Gd,Gd,PConc,RFn,BuiltIn,Normal,RL,2Story,233000
4,901,1,OldTown,TA,TA,TA,CBlock,Unf,Detchd,Normal,RM,1Story,107900
6,2087,2,ClearCr,TA,Gd,TA,CBlock,Fin,Attchd,Normal,RL,2Story,187500
7,1145,2,Blmngtn,Gd,Gd,Gd,PConc,Fin,Attchd,Normal,RL,1Story,160200
6,1062,2,Mitchel,TA,TA,Gd,PConc,RFn,Attchd,Normal,RL,SLvl,146800
7,2013,2,NoRidge,Gd,TA,Gd,PConc,Unf,Attchd,Normal,RL,2Story,269790
8,1496,2,Somerst,Gd,Gd,Gd,PConc,Fin,Attchd,Partial,RL,1Story,225000
7,1895,2,Gilbert,Gd,Gd,Gd,PConc,Fin,Attchd,Normal,RL,2Story,194500
6,1564,2,SawyerW,TA,TA,Gd,CBlock,Unf,Attchd,Normal,RL,2Story,171000
6,1285,2,Sawyer,TA,TA,TA,CBlock,RFn,Attchd,Normal,RL,1Story,143500
5,773,1,NAmes,TA,TA,TA,CBlock,Unf,Attchd,Abnorml,RL,1Story,110000
9,3140,3,NridgHt,Ex,Ex,Ex,PConc,Fin,BuiltIn,Partial,RL,2Story,485000
5,1768,1,SWISU,TA,Gd,Gd,BrkTil,Unf,Detchd,Normal,RL,1.5Fin,175000
6,1688,2,ClearCr,TA,Gd,Gd,PConc,RFn,Attchd,Normal,RL,2Story,200000
4,1196,2,IDOTRR,TA,TA,TA,CBlock,Unf,Detchd,Normal,RM,1Story,109900
7,1456,2,CollgCr,Gd,Gd,Gd,PConc,Fin,Attchd,Normal,RL,2Story,189000
9,2822,3,NridgHt,Ex,Ex,Ex,PConc,RFn,BuiltIn,Partial,RL,2Story,582933
5,1128,1,NAmes,TA,TA,TA,CBlock,Unf,Attchd,Family,RL,1Story,118000
7,1428,2,Somerst,Gd,Ex,Gd,PConc,RFn,Attchd,Partial,RL,1Story,227680
5,980,1,NAmes,TA,TA,TA,PConc,Fin,Attchd,Normal,RL,SLvl,135500
5,1576,2,BrkSide,TA,Gd,TA,CBlock,RFn,Attchd,Normal,RL,2Story,223500
5,1086,2,NAmes,TA,TA,TA,CBlock,RFn,Attchd,Normal,RL,SLvl,159950
5,2138,2,OldTown,TA,TA,TA,PConc,Unf,Detchd,Normal,RM,2.5Unf,106000
6,1309,2,NWAmes,TA,Gd,TA,CBlock,RFn,Attchd,Normal,RL,1Story,181000
6,848,2,CollgCr,Gd,Gd,Gd,PConc,Fin,Attchd,Normal,RM,1Story,144500
5,1044,2,IDOTRR,Fa,Fa,TA,CBlock,Unf,Basment,Alloca,C (all),1Story,55993
6,1442,1,NAmes,TA,TA,TA,CBlock,RFn,Attchd,Normal,RL,1Story,157900
5,1250,1,Edwards,TA,Fa,TA,BrkTil,Unf,Detchd,Normal,RL,1.5Fin,116000
7,1661,2,CollgCr,TA,Gd,Gd,PConc,RFn,Attchd,Normal,RL,1Story,224900
5,1008,1,NAmes,TA,TA,TA,CBlock,RFn,Attchd,Normal,RL,1Story,137000
8,1689,3,Mitchel,Gd,Gd,Gd,PConc,RFn,Attchd,Normal,RL,1Story,271000
6,1052,2,ClearCr,TA,TA,TA,CBlock,Unf,Attchd,Normal,RL,SLvl,155000
7,1358,2,NridgHt,Gd,Gd,Gd,PConc,RFn,Attchd,Partial,RL,1Story,224000
7,1640,2,CollgCr,Gd,Gd,Gd,PConc,RFn,Attchd,Normal,RL,2Story,183000
4,936,2,OldTown,Fa,TA,Fa,CBlock,Unf,Detchd,Normal,RM,1Story,93000
7,1733,2,Gilbert,Gd,Gd,Gd,PConc,Fin,BuiltIn,Family,RL,2Story,225000
6,1489,1,SWISU,TA,TA,TA,BrkTil,Unf,Detchd,Normal,RL,1.5Fin,139500
8,1489,2,Somerst,Gd,Gd,Gd,PConc,RFn,Attchd,Partial,FV,1Story,232600
10,2084,3,NridgHt,Ex,Ex,Ex,PConc,Fin,Attchd,Partial,RL,1Story,385000
5,784,0,BrkSide,TA,Gd,TA,BrkTil,,,Normal,RM,1.5Unf,109500
7,1434,2,SawyerW,Gd,Gd,Gd,PConc,RFn,Attchd,Normal,RL,1Story,189000
5,2126,2,ClearCr,TA,TA,TA,PConc,Fin,Attchd,Abnorml,RL,2Story,185000
7,1223,2,Somerst,Gd,Gd,Gd,PConc,RFn,Detchd,Normal,FV,2Story,147400
6,1392,2,NAmes,TA,TA,TA,CBlock,RFn,Attchd,Normal,RL,1Story,166000
7,1200,2,Somerst,TA,Gd,Gd,PConc,RFn,Detchd,Normal,FV,2Story,151000
7,1829,2,CollgCr,Gd,Gd,Gd,PConc,RFn,Attchd,Normal,RL,2Story,237000
6,1516,2,NAmes,TA,TA,TA,CBlock,RFn,Attchd,Normal,RL,1Story,167000
5,1144,2,NAmes,TA,TA,TA,CBlock,Unf,Attchd,Normal,RL,1Story,139950
4,1067,2,Sawyer,TA,Gd,Gd,CBlock,Unf,Attchd,Normal,RL,1Story,128000
5,1559,2,OldTown,TA,TA,TA,BrkTil,Unf,Detchd,Normal,RM,1Story,153500
6,987,1,BrDale,TA,TA,TA,CBlock,Unf,Detchd,Normal,RM,2Story,100000
5,1099,1,CollgCr,TA,Gd,Gd,PConc,Unf,Attchd,Normal,RL,1Story,144000
5,1200,1,Edwards,TA,TA,TA,CBlock,Unf,Detchd,Normal,RL,1.5Fin,130500
6,1482,1,SWISU,TA,Fa,TA,BrkTil,Unf,Detchd,Normal,RH,2Story,140000
5,1539,2,OldTown,TA,Gd,TA,PConc,Unf,Detchd,Normal,RM,2Story,157500
6,1165,2,NAmes,TA,TA,TA,CBlock,RFn,Attchd,Normal,RL,SLvl,174900
5,1800,0,NAmes,TA,TA,TA,CBlock,,,Normal,RL,1Story,141000
5,1416,3,OldTown,TA,TA,TA,BrkTil,Unf,Detchd,Normal,RM,1.5Fin,153900
5,1701,2,Sawyer,TA,TA,Gd,CBlock,Fin,Basment,Normal,RL,SFoyer,171000
7,1775,2,SawyerW,Gd,Gd,Gd,PConc,Unf,Attchd,Normal,RL,2Story,213000
5,864,1,CollgCr,TA,TA,TA,CBlock,Unf,Attchd,Normal,RL,1Story,133500
6,2358,2,ClearCr,TA,TA,TA,BrkTil,Unf,Detchd,Normal,RL,1.5Fin,240000
6,1855,2,Veenker,Gd,TA,TA,CBlock,RFn,Attchd,Normal,RL,SLvl,187000
6,848,2,CollgCr,Gd,Gd,Gd,PConc,Fin,Attchd,Normal,RM,1Story,131500
8,1456,2,Blmngtn,Gd,Gd,Gd,PConc,Fin,Attchd,Normal,RL,1Story,215000
7,1646,1,Crawfor,TA,TA,TA,CBlock,Unf,Detchd,Normal,RL,2.5Unf,164000
6,1445,2,NAmes,TA,TA,TA,CBlock,RFn,Attchd,Normal,RL,SLvl,158000
5,1779,2,Sawyer,TA,TA,TA,CBlock,Unf,Attchd,Abnorml,RL,1Story,170000
5,1040,1,Sawyer,TA,TA,TA,CBlock,Unf,Detchd,Normal,RL,1Story,127000
6,1026,2,CollgCr,TA,TA,Gd,CBlock,Unf,Detchd,Normal,RL,SLvl,147000
6,1481,2,Gilbert,TA,TA,Gd,PConc,Fin,Attchd,Normal,RL,2Story,174000
7,1370,2,NWAmes,TA,TA,Gd,CBlock,RFn,Attchd,Family,RL,1Story,152000
6,2654,2,NWAmes,TA,Gd,TA,CBlock,Unf,Attchd,Normal,RL,2Story,250000
7,1426,1,Crawfor,Gd,Gd,TA,BrkTil,Unf,Detchd,Normal,RL,1.5Fin,189950
5,1039,2,Sawyer,TA,TA,TA,PConc,Unf,Attchd,Normal,RL,1Story,131500
6,1097,2,SawyerW,TA,TA,Gd,PConc,Unf,Attchd,Normal,RL,1Story,152000
5,1148,1,NAmes,TA,TA,TA,CBlock,Unf,Attchd,Normal,RL,1Story,132500
7,1372,2,Somerst,Gd,Gd,Ex,PConc,Fin,Attchd,Partial,FV,1Story,250580
5,1002,2,NAmes,TA,TA,TA,CBlock,Unf,Detchd,Normal,RL,1Story,148500
8,1646,3,Timber,Gd,Gd,Gd,PConc,RFn,Attchd,Partial,RL,1Story,248900
4,1120,2,Sawyer,TA,Fa,TA,CBlock,RFn,Attchd,Normal,RL,1Story,129000
5,2320,2,Gilbert,TA,TA,,Slab,Unf,Attchd,Normal,RL,2Story,169000
7,1949,2,SawyerW,Gd,Gd,Gd,PConc,Fin,Attchd,Normal,RL,2Story,236000
5,894,1,NAmes,TA,TA,TA,CBlock,Unf,Detchd,Normal,RL,1Story,109500
6,1682,2,CollgCr,TA,Gd,Gd,PConc,RFn,Attchd,Normal,RL,2Story,200500
5,910,2,NAmes,Gd,Gd,TA,Stone,Unf,Attchd,Normal,RL,1Story,116000
5,1268,1,NAmes,Gd,TA,TA,CBlock,Unf,Attchd,Normal,RL,1Story,133000
5,1131,1,OldTown,TA,TA,TA,CBlock,Unf,Detchd,Abnorml,RM,1.5Fin,66500
8,2610,2,Somerst,Gd,Ex,Gd,PConc,Fin,BuiltIn,Partial,FV,2Story,303477
4,1040,2,Mitchel,TA,TA,TA,PConc,Unf,Attchd,Normal,RL,1Story,132250
9,2224,3,NridgHt,Gd,Ex,Ex,PConc,Fin,Attchd,Normal,RL,2Story,350000
5,1155,2,Sawyer,TA,Gd,TA,CBlock,Unf,Detchd,Normal,RL,SFoyer,148000
5,864,1,CollgCr,Gd,TA,TA,CBlock,Unf,Attchd,Normal,RL,1Story,136500
5,1090,2,Edwards,TA,TA,Ex,PConc,Fin,Attchd,Normal,RL,1Story,157000
7,1717,2,Timber,Gd,Gd,Gd,CBlock,RFn,Attchd,Normal,RL,1.5Fin,187500
6,1593,2,Gilbert,TA,TA,Gd,PConc,RFn,BuiltIn,Normal,RL,2Story,178000
4,2230,1,SWISU,Gd,TA,TA,PConc,Unf,Detchd,Normal,RL,2.5Fin,118500
5,892,1,NAmes,TA,TA,TA,CBlock,RFn,Attchd,Normal,RL,1Story,100000
9,1709,2,Somerst,Gd,Gd,Ex,PConc,Fin,Attchd,Abnorml,FV,1Story,328900
5,1712,2,NAmes,TA,TA,TA,CBlock,Fin,Attchd,Family,RL,1Story,145000
5,1393,1,Edwards,TA,TA,TA,PConc,Unf,Attchd,Normal,RL,1.5Fin,135500
8,2217,2,NAmes,Gd,Gd,TA,PConc,Unf,Attchd,Normal,RL,1Story,268000
6,1505,2,NAmes,TA,TA,TA,CBlock,RFn,Attchd,Normal,RL,1Story,149500
5,924,2,NAmes,TA,TA,TA,CBlock,Unf,Detchd,Normal,RL,1.5Fin,122900
6,1683,2,Sawyer,TA,TA,TA,CBlock,RFn,Attchd,Normal,RL,2Story,172500
6,1068,1,Sawyer,TA,TA,TA,CBlock,RFn,Attchd,Normal,RL,1Story,154500
5,1383,1,Sawyer,TA,TA,Gd,PConc,Unf,Attchd,Normal,RL,1Story,165000
5,1535,2,SawyerW,TA,TA,,Slab,Unf,Attchd,Alloca,RL,1Story,118858
6,1796,2,NAmes,TA,TA,TA,CBlock,RFn,Attchd,Normal,RL,2Story,140000
4,951,1,IDOTRR,TA,TA,TA,BrkTil,Unf,Detchd,Abnorml,RM,1Story,106500
5,2240,2,SawyerW,TA,TA,,Slab,Unf,Detchd,Alloca,RL,2Story,142953
9,2364,3,NridgHt,Ex,Ex,Ex,PConc,Fin,Attchd,Partial,RL,1Story,611657
5,1236,1,Sawyer,TA,TA,TA,CBlock,Unf,Attchd,Normal,RL,1Story,135000
4,858,1,NAmes,TA,TA,TA,CBlock,Unf,Detchd,Normal,RL,1Story,110000
5,1306,1,NAmes,TA,TA,TA,CBlock,Unf,Detchd,Normal,RL,1Story,153000
7,1509,2,Gilbert,Gd,Gd,Gd,PConc,Fin,Attchd,Normal,RL,2Story,180000
7,1670,3,Gilbert,Gd,Gd,Gd,PConc,RFn,Attchd,Partial,RL,1Story,240000
5,902,1,Sawyer,TA,TA,TA,CBlock,Unf,Attchd,Normal,RL,1Story,125500
5,1063,1,NAmes,TA,TA,TA,CBlock,RFn,Attchd,Normal,RL,1Story,128000
8,1636,3,Somerst,Gd,Gd,Gd,PConc,RFn,Attchd,Normal,RL,1Story,255000
7,2057,1,Crawfor,Gd,Gd,Gd,CBlock,Fin,Attchd,Normal,RL,1.5Fin,250000
5,902,2,Mitchel,TA,TA,Gd,CBlock,Unf,Attchd,Normal,RL,1Story,131000
6,1484,2,Gilbert,Gd,Gd,Gd,PConc,Fin,Attchd,Normal,RL,2Story,174000
5,2274,2,NAmes,TA,TA,TA,CBlock,Unf,Detchd,Normal,RL,2Story,154300
5,1268,1,CollgCr,TA,Gd,Gd,CBlock,Unf,Detchd,Normal,RL,1Story,143500
5,1015,1,BrkSide,TA,TA,TA,BrkTil,Unf,Detchd,Abnorml,RM,1Story,88000
5,2002,3,Crawfor,TA,TA,TA,CBlock,Unf,2Types,Normal,RH,2Story,145000
6,1224,2,Somerst,Gd,Gd,Gd,PConc,RFn,Detchd,Partial,FV,2Story,173733
4,1092,1,MeadowV,TA,TA,TA,CBlock,Unf,Attchd,Normal,RM,2Story,75000
2,480,1,IDOTRR,TA,TA,TA,CBlock,Unf,Detchd,Abnorml,C (all),1Story,35311
4,1229,1,Edwards,TA,TA,TA,CBlock,RFn,Attchd,Normal,RL,1Story,135000
7,2127,3,SawyerW,Gd,Gd,Ex,PConc,RFn,Attchd,Normal,RL,2Story,238000
6,1414,2,NAmes,Ex,TA,Gd,CBlock,Unf,Attchd,Normal,RL,1Story,176500
6,1721,2,SawyerW,Gd,Gd,Gd,PConc,RFn,Attchd,Normal,RL,2Story,201000
5,2200,0,Edwards,TA,TA,TA,CBlock,,,Normal,RL,1.5Fin,145900
6,1316,2,Gilbert,Gd,Gd,Gd,PConc,Fin,Attchd,Partial,RL,1Story,169990
6,1617,2,SawyerW,Gd,Gd,Gd,PConc,RFn,Attchd,Normal,RL,1Story,193000
6,1686,2,NWAmes,TA,TA,Gd,CBlock,Unf,Attchd,Normal,RL,1Story,207500
5,1126,2,NWAmes,TA,Ex,Gd,PConc,RFn,Attchd,Abnorml,RL,1Story,175000
8,2374,3,NridgHt,Gd,Ex,Gd,PConc,Fin,BuiltIn,Normal,RL,2Story,285000
7,1978,2,NWAmes,TA,TA,TA,CBlock,RFn,Attchd,Normal,RL,2Story,176000
8,1788,2,CollgCr,Gd,Ex,Gd,PConc,RFn,Attchd,Normal,RL,1Story,236500
7,2236,2,Gilbert,TA,Gd,Gd,PConc,Fin,BuiltIn,Normal,RL,2Story,222000
8,1466,3,Timber,Gd,Gd,Gd,PConc,Fin,Attchd,Normal,RL,1Story,201000
5,925,1,NAmes,TA,TA,TA,CBlock,Unf,Detchd,Normal,RL,1Story,117500
9,1905,3,Somerst,Ex,Ex,Ex,PConc,Fin,Attchd,Normal,RL,1Story,320000
7,1500,2,CollgCr,Gd,Gd,Gd,PConc,RFn,Attchd,Normal,RL,1Story,190000
7,2069,2,NAmes,TA,Gd,Gd,CBlock,RFn,Attchd,Normal,RL,1Story,242000
4,747,2,BrkSide,TA,TA,Fa,PConc,Unf,Detchd,Normal,RL,1Story,79900
7,1200,2,SawyerW,Gd,Gd,Gd,PConc,RFn,Attchd,Normal,RL,1Story,184900
7,1971,2,Somerst,Gd,Gd,Gd,PConc,RFn,Attchd,Normal,RL,2Story,253000
7,1962,3,CollgCr,Gd,Gd,Gd,PConc,RFn,Attchd,Partial,RL,2Story,239799
7,2403,1,ClearCr,TA,TA,TA,CBlock,Unf,Attchd,Normal,RL,2Story,244400
6,1728,2,Mitchel,TA,TA,TA,CBlock,Unf,Attchd,Normal,RL,1Story,150900
7,2060,2,Gilbert,Gd,Gd,Gd,PConc,RFn,BuiltIn,Normal,RL,2Story,214000
4,1440,0,Edwards,TA,TA,Gd,PConc,,,Abnorml,RL,1Story,150000
5,1632,2,Mitchel,TA,TA,TA,CBlock,Unf,Attchd,Normal,RL,1Story,143000
6,1344,2,Timber,TA,Gd,TA,CBlock,RFn,Basment,Abnorml,RL,SLvl,137500
5,1869,2,OldTown,TA,TA,TA,BrkTil,Unf,Detchd,Normal,RM,1.5Fin,124900
5,1144,1,NAmes,TA,TA,TA,CBlock,RFn,Attchd,Normal,RL,SLvl,143000
8,1629,3,Timber,Gd,Gd,Gd,PConc,Fin,Attchd,Normal,RL,1Story,270000
7,1776,2,CollgCr,Gd,Gd,Gd,PConc,RFn,Attchd,Normal,RL,2Story,192500
6,1381,2,NWAmes,TA,Gd,TA,CBlock,RFn,Attchd,Normal,RL,1Story,197500
5,864,2,NAmes,TA,Gd,TA,CBlock,RFn,Detchd,Normal,RL,1Story,129000
5,965,1,SawyerW,TA,TA,TA,CBlock,Unf,Detchd,Abnorml,RH,1Story,119900
5,768,1,CollgCr,TA,TA,Gd,CBlock,Fin,Detchd,Normal,RL,SFoyer,133900
5,1968,2,Mitchel,TA,TA,TA,CBlock,RFn,Attchd,Normal,RL,2Story,172000
6,980,0,Edwards,TA,TA,Gd,CBlock,,,AdjLand,RL,SFoyer,127500
6,1958,2,Crawfor,TA,TA,Gd,CBlock,Unf,Attchd,Normal,RH,2Story,145000
6,1229,2,Blueste,TA,TA,Gd,CBlock,Fin,Attchd,Normal,RM,2Story,124000
5,1057,2,Sawyer,TA,TA,TA,CBlock,Fin,Detchd,Normal,RL,1Story,132000
7,1337,2,CollgCr,Gd,Gd,Gd,PConc,RFn,Attchd,Normal,RL,1Story,185000
7,1416,2,Somerst,Gd,Gd,Gd,PConc,Unf,Detchd,Normal,FV,2Story,155000
5,858,0,BrkSide,TA,TA,TA,CBlock,,,Normal,RL,1Story,116500
6,2872,2,NWAmes,TA,TA,Gd,CBlock,Fin,Attchd,Normal,RL,2Story,272000
6,1548,2,NPkVill,TA,Gd,Gd,CBlock,Unf,Detchd,Normal,RL,2Story,155000
9,1800,2,CollgCr,Gd,Ex,Ex,PConc,Fin,Attchd,Normal,RL,1Story,239000
7,1894,2,Timber,Gd,Gd,Gd,PConc,Fin,BuiltIn,Normal,RL,2Story,214900
6,1484,2,Gilbert,Gd,Gd,Gd,PConc,Fin,Attchd,Partial,RL,2Story,178900
5,1308,1,Crawfor,Gd,TA,TA,BrkTil,Unf,Detchd,Normal,RL,1.5Fin,160000
5,1098,1,NAmes,TA,TA,TA,CBlock,Unf,Attchd,Normal,RL,1Story,135000
3,968,0,OldTown,TA,TA,TA,BrkTil,,,Abnorml,RM,1.5Fin,37900
6,1095,1,NAmes,TA,TA,TA,CBlock,RFn,Attchd,Normal,RL,SLvl,140000
4,1192,0,NAmes,TA,TA,TA,CBlock,,,Abnorml,RL,1.5Fin,135000
7,1626,2,NridgHt,Gd,Gd,Gd,PConc,RFn,BuiltIn,Normal,RL,2Story,173000
6,918,1,SawyerW,TA,TA,Gd,CBlock,Unf,Attchd,Normal,RL,1Story,99500
7,1428,2,Somerst,Gd,Gd,Gd,PConc,Fin,Attchd,Partial,FV,1Story,182000
7,2019,2,BrkSide,TA,Gd,Gd,BrkTil,Unf,Detchd,Normal,RL,2Story,167500
7,1382,2,Somerst,Gd,Gd,Gd,PConc,Unf,Detchd,Normal,FV,2Story,165000
4,869,0,BrkSide,TA,Fa,Gd,PConc,,,Normal,RL,1Story,85500
7,1241,2,Somerst,Gd,Gd,Gd,PConc,Fin,Attchd,Partial,FV,1Story,199900
4,894,2,Edwards,TA,TA,TA,CBlock,Unf,Detchd,Abnorml,RL,1Story,110000
5,1121,2,Sawyer,TA,TA,TA,PConc,Unf,Detchd,Normal,RL,1Story,139000
7,999,2,NAmes,Ex,Ex,TA,CBlock,RFn,Attchd,Normal,RL,SFoyer,178400
8,2612,3,NoRidge,Gd,Gd,Gd,PConc,Fin,Attchd,Normal,RL,2Story,336000
7,1266,2,Blmngtn,Gd,Gd,Gd,PConc,Fin,Attchd,Normal,RL,1Story,159895
8,2290,2,CollgCr,Gd,Gd,Gd,PConc,Unf,Attchd,Normal,RL,2Story,255900
5,1734,2,Mitchel,TA,Gd,,CBlock,Unf,Attchd,Normal,RL,1.5Fin,126000
5,1164,1,Edwards,TA,TA,TA,CBlock,Unf,Detchd,Normal,RL,1Story,125000
6,1635,1,OldTown,TA,Gd,TA,CBlock,Unf,Attchd,Normal,RM,1.5Fin,117000
9,1940,3,NridgHt,Ex,Ex,Ex,PConc,Fin,Attchd,Partial,RL,1Story,395192
6,2030,2,NWAmes,TA,Gd,TA,CBlock,Fin,Attchd,Normal,RL,2Story,195000
7,1576,2,Somerst,Gd,Gd,Gd,PConc,RFn,Attchd,Partial,FV,2Story,197000
8,2392,3,NoRidge,Gd,Gd,Gd,PConc,Fin,Attchd,Normal,RL,2Story,348000
8,1742,2,OldTown,Gd,Gd,TA,BrkTil,Unf,Attchd,Normal,RM,2Story,168000
6,1851,2,NAmes,TA,Gd,TA,CBlock,RFn,Attchd,Normal,RL,2Story,187000
6,1500,2,CollgCr,TA,Gd,Gd,PConc,RFn,Attchd,Partial,RL,2Story,173900
10,1718,3,NridgHt,Ex,Ex,Ex,PConc,Fin,Attchd,Normal,RL,1Story,337500
4,1230,1,BrkSide,TA,TA,TA,CBlock,Unf,Detchd,Abnorml,RL,1.5Fin,121600
5,1050,1,NAmes,TA,TA,TA,CBlock,Unf,Attchd,Normal,RL,1Story,136500
6,1442,2,NWAmes,TA,TA,TA,CBlock,RFn,Attchd,Normal,RL,1Story,185000
3,1077,1,IDOTRR,TA,TA,TA,BrkTil,Unf,Detchd,Normal,RM,1Story,91000
7,1208,2,CollgCr,Gd,Gd,Gd,PConc,RFn,Attchd,Normal,RL,1Story,206000
3,944,2,Edwards,TA,Fa,,Slab,Unf,Detchd,Normal,RL,1Story,82000
5,691,1,OldTown,TA,Ex,Fa,BrkTil,Unf,Detchd,Abnorml,RL,1Story,86000
8,1574,3,Somerst,Gd,Gd,Gd,PConc,RFn,Attchd,Normal,RL,1Story,232000
5,1680,2,NWAmes,TA,TA,TA,CBlock,Unf,Detchd,Normal,RL,1Story,136905
7,1504,2,Blmngtn,Gd,Gd,Gd,PConc,Fin,Attchd,Normal,RL,1Story,181000
5,985,1,CollgCr,Gd,TA,Gd,CBlock,Unf,Attchd,Normal,RL,SLvl,149900
6,1657,2,NAmes,TA,TA,Gd,CBlock,Unf,Attchd,Normal,RL,1Story,163500
4,1092,1,MeadowV,TA,TA,TA,CBlock,RFn,Attchd,Normal,RM,2Story,88000
7,1710,2,Mitchel,Gd,Gd,Ex,PConc,Fin,Attchd,Normal,RL,1Story,240000
5,1522,0,SWISU,TA,TA,TA,BrkTil,,,Normal,RL,1.5Fin,102000
5,1271,1,Sawyer,TA,TA,TA,CBlock,Unf,Attchd,Normal,RL,1.5Fin,135000
5,1664,0,Edwards,TA,TA,,CBlock,,,Normal,RL,1Story,100000
6,1502,1,Crawfor,TA,Gd,TA,PConc,Unf,Detchd,Normal,RL,2Story,165000
5,1022,1,OldTown,TA,TA,TA,BrkTil,Unf,Detchd,Normal,RM,1Story,85000
6,1082,1,NAmes,TA,TA,TA,CBlock,Unf,Detchd,Normal,RL,1Story,119200
8,1665,2,NWAmes,Gd,Gd,Gd,PConc,Fin,Attchd,Normal,RL,2Story,227000
7,1504,2,CollgCr,Gd,Gd,Gd,PConc,Fin,Attchd,Normal,RL,1Story,203000
8,1360,2,StoneBr,Gd,Gd,Gd,CBlock,RFn,Attchd,Abnorml,RL,1Story,187500
7,1472,2,Gilbert,Gd,Gd,Gd,PConc,RFn,Attchd,Normal,RL,SLvl,160000
7,1506,2,Blmngtn,Gd,Gd,Gd,PConc,Fin,Attchd,Normal,RL,1Story,213490
4,1132,2,Edwards,TA,Gd,Gd,PConc,Fin,Attchd,Normal,RL,1Story,176000
7,1220,2,CollgCr,Gd,Gd,Gd,PConc,RFn,Attchd,Partial,RL,1Story,194000
5,1248,1,OldTown,TA,TA,TA,CBlock,Unf,Detchd,Normal,RM,1.5Fin,87000
7,1504,2,Blmngtn,Gd,Gd,Gd,PConc,Fin,Attchd,Normal,RL,1Story,191000
8,2898,2,Timber,Gd,Gd,Gd,CBlock,Fin,Attchd,Abnorml,RL,1Story,287000
5,882,2,CollgCr,TA,TA,TA,CBlock,Unf,Detchd,Normal,RL,1Story,112500
5,1264,2,NAmes,TA,TA,TA,CBlock,Unf,Attchd,Normal,RL,1Story,167500
8,1646,3,Timber,Gd,Gd,Gd,PConc,RFn,Attchd,Partial,RL,1Story,293077
5,1376,1,NAmes,TA,TA,TA,CBlock,Unf,Attchd,Normal,RL,1.5Fin,105000
6,1218,1,BrDale,TA,TA,TA,CBlock,Unf,Detchd,Normal,RM,2Story,118000
5,1928,0,SWISU,TA,TA,TA,PConc,,,Normal,RH,2Story,160000
7,3082,2,SWISU,TA,TA,TA,BrkTil,Fin,Basment,Normal,RL,2.5Fin,197000
8,2520,3,NoRidge,Gd,Gd,Gd,PConc,RFn,Attchd,Abnorml,RL,2Story,310000
7,1654,3,CollgCr,Gd,Gd,Gd,PConc,Unf,Attchd,Normal,RL,1Story,230000
5,954,1,Crawfor,TA,Fa,Fa,PConc,Unf,Basment,Normal,RL,1Story,119750
4,845,1,Edwards,TA,TA,,Slab,Unf,Detchd,Normal,RL,1Story,84000
9,1620,3,Timber,Gd,Ex,Ex,PConc,Fin,Attchd,Normal,RL,1Story,315500
8,2263,2,CollgCr,Gd,Gd,Gd,PConc,Fin,BuiltIn,Normal,RL,2Story,287000
4,1344,0,MeadowV,TA,TA,TA,CBlock,,,Normal,RM,2Story,97000
4,630,1,MeadowV,TA,TA,Gd,CBlock,Unf,Attchd,Normal,RM,SFoyer,80000
5,1803,2,Sawyer,TA,TA,TA,CBlock,RFn,Attchd,Normal,RL,1Story,155000
6,1632,2,NWAmes,TA,Gd,TA,CBlock,Unf,Attchd,Normal,RL,2Story,173000
6,1306,2,NridgHt,Gd,Gd,Gd,PConc,RFn,Attchd,Normal,RL,1Story,196000
7,2329,2,SawyerW,TA,Gd,Gd,PConc,Unf,Attchd,Normal,RL,2Story,262280
8,2524,2,NWAmes,Gd,Gd,Gd,PConc,Fin,Attchd,Normal,RL,1Story,278000
3,1733,2,Edwards,TA,TA,,Slab,Unf,Attchd,Normal,RL,1Story,139600
9,2868,3,StoneBr,Gd,Ex,Ex,PConc,Fin,BuiltIn,Partial,RL,2Story,556581
5,990,2,CollgCr,TA,TA,Gd,PConc,Unf,Detchd,Normal,RL,1Story,145000
5,1771,2,Mitchel,TA,TA,,Slab,Unf,Attchd,Normal,RL,1Story,115000
4,930,1,Edwards,TA,Gd,,CBlock,Unf,Detchd,Abnorml,RL,1Story,84900
7,1302,2,Gilbert,Gd,Gd,Gd,PConc,Fin,Attchd,Partial,RL,1Story,176485
7,1316,2,CollgCr,Gd,Gd,Gd,PConc,Fin,Attchd,Partial,RL,1Story,200141
6,1977,2,NAmes,TA,TA,TA,CBlock,RFn,Attchd,Normal,RL,2Story,165000
5,1526,1,Edwards,TA,TA,TA,CBlock,Unf,Basment,Normal,RL,1Story,144500
8,1989,2,CollgCr,Gd,Gd,Gd,PConc,Fin,Attchd,Normal,RL,2Story,255000
6,1523,2,NWAmes,TA,TA,Gd,CBlock,Fin,Attchd,Abnorml,RL,1Story,180000
7,1364,2,NridgHt,Gd,Gd,Gd,PConc,RFn,Attchd,Normal,RL,1Story,185850
7,1850,2,NoRidge,Gd,Gd,Gd,PConc,Fin,BuiltIn,Normal,RL,2Story,248000
9,2184,3,NridgHt,Ex,Ex,Ex,PConc,Fin,Attchd,Normal,RL,2Story,335000
6,1991,2,Crawfor,TA,TA,TA,CBlock,Unf,Detchd,Normal,RL,1.5Fin,220000
8,1338,2,StoneBr,Gd,Gd,Gd,PConc,Fin,Attchd,Normal,RL,1Story,213500
3,894,3,IDOTRR,Fa,TA,TA,CBlock,RFn,Detchd,Normal,C (all),1Story,81000
5,2337,2,OldTown,TA,TA,TA,BrkTil,Unf,Detchd,Normal,RM,2Story,90000
6,1103,2,OldTown,TA,Gd,TA,BrkTil,Unf,Detchd,Normal,RM,1Story,110500
5,1154,2,NAmes,TA,TA,TA,CBlock,RFn,Attchd,Normal,RL,1Story,154000
7,2260,2,ClearCr,Gd,Gd,Ex,PConc,RFn,Attchd,Normal,RL,2Story,328000
6,1571,2,Gilbert,Gd,TA,Gd,PConc,RFn,Attchd,Normal,RL,2Story,178000
6,1611,2,NAmes,TA,TA,TA,CBlock,RFn,Attchd,Normal,RL,2Story,167900
6,2521,2,MeadowV,TA,TA,Gd,CBlock,Fin,Attchd,Normal,RM,2Story,151400
5,893,2,NAmes,TA,Gd,TA,CBlock,Unf,Detchd,Normal,RL,1.5Unf,135000
5,1048,1,NAmes,TA,TA,TA,CBlock,Unf,Attchd,Normal,RL,1Story,135000
6,1556,2,NWAmes,TA,TA,TA,CBlock,Unf,Attchd,Normal,RL,2Story,154000
5,1456,1,Edwards,TA,TA,Fa,CBlock,Unf,Detchd,Normal,RL,1.5Fin,91500
6,1426,2,Edwards,TA,TA,TA,CBlock,Fin,Attchd,Normal,RL,2Story,159500
7,1240,3,CollgCr,Gd,Gd,Gd,PConc,RFn,Attchd,Normal,RL,1Story,194000
7,1740,1,Crawfor,TA,TA,TA,CBlock,Unf,Attchd,Normal,RL,2Story,219500
5,1466,2,OldTown,TA,Gd,Fa,CBlock,Unf,Attchd,Normal,RL,1.5Fin,170000
5,1096,1,NAmes,TA,TA,TA,CBlock,Fin,Attchd,Abnorml,RL,1Story,138800
6,848,2,CollgCr,Gd,Gd,Gd,PConc,RFn,Attchd,Normal,RM,1Story,155900
5,990,1,CollgCr,TA,TA,Gd,PConc,Unf,Attchd,Normal,RL,1Story,126000
6,1258,2,NWAmes,Gd,Gd,TA,CBlock,RFn,Attchd,Abnorml,RL,1Story,145000
5,1040,1,Sawyer,TA,TA,TA,CBlock,Fin,Attchd,Normal,RL,1Story,133000
7,1459,2,CollgCr,Gd,Gd,Gd,PConc,RFn,Attchd,Normal,RL,1Story,192000
6,1251,1,NAmes,TA,TA,TA,CBlock,RFn,Attchd,Normal,RL,1Story,160000
6,1498,2,Gilbert,TA,TA,Gd,PConc,Fin,Attchd,Normal,RL,2Story,187500
6,996,2,SawyerW,TA,Gd,Gd,PConc,Unf,Attchd,Normal,RL,SFoyer,147000
4,1092,1,MeadowV,TA,TA,TA,CBlock,RFn,Attchd,Normal,RM,2Story,83500
8,1953,3,Somerst,Gd,Gd,Gd,PConc,RFn,Attchd,Normal,FV,2Story,252000
7,1709,2,Edwards,Gd,Gd,Gd,PConc,Unf,Detchd,Normal,RM,2Story,137500
8,1247,2,Somerst,Gd,Gd,Gd,PConc,Fin,Attchd,Normal,FV,1Story,197000
3,1040,2,NAmes,TA,TA,,Slab,Unf,Detchd,Normal,RL,1Story,92900
7,1252,2,Somerst,Gd,Gd,Gd,PConc,Unf,Detchd,Normal,FV,2Story,160000
6,1694,2,SWISU,TA,TA,TA,PConc,Unf,Detchd,Normal,RL,1.5Fin,136500
5,1200,2,NAmes,TA,Gd,TA,CBlock,Unf,Detchd,Normal,RL,1Story,146000
5,936,1,NAmes,TA,TA,TA,CBlock,Fin,Attchd,Normal,RL,1Story,129000
6,1314,2,CollgCr,Gd,Gd,Gd,PConc,RFn,Attchd,Normal,RL,1Story,176432
6,1355,0,IDOTRR,TA,Gd,TA,PConc,,,Normal,RM,2Story,127000
8,1088,2,StoneBr,Gd,Gd,Gd,CBlock,RFn,Attchd,Normal,RL,1Story,170000
4,1324,1,BrkSide,TA,TA,TA,BrkTil,Unf,Detchd,Normal,RM,1.5Fin,128000
7,1601,2,NWAmes,TA,TA,Gd,CBlock,RFn,Attchd,Abnorml,RL,1Story,157000
2,438,1,SWISU,TA,Fa,TA,CBlock,Unf,Detchd,Normal,RL,1Story,60000
5,950,1,NAmes,TA,TA,TA,CBlock,Unf,Detchd,Normal,RL,1Story,119500
5,1134,1,NAmes,TA,TA,TA,CBlock,RFn,Attchd,Family,RL,1Story,135000
6,1194,2,NAmes,TA,TA,TA,CBlock,Fin,BuiltIn,Normal,RL,1Story,159500
5,1302,2,BrDale,TA,TA,TA,CBlock,Unf,Detchd,Normal,RM,2Story,106000
8,2622,2,NoRidge,Gd,Gd,Ex,PConc,RFn,Attchd,Normal,RL,2Story,325000
7,1442,2,SawyerW,Gd,Gd,Gd,PConc,Fin,Attchd,Normal,RL,1Story,179900
7,2021,2,Gilbert,Gd,Gd,Ex,PConc,RFn,BuiltIn,Partial,RL,2Story,274725
6,1690,2,Gilbert,TA,TA,Gd,PConc,RFn,Attchd,Abnorml,RL,2Story,181000
8,1836,3,NridgHt,Gd,Gd,Ex,PConc,Fin,Attchd,Normal,RL,1Story,280000
6,1658,2,Gilbert,TA,TA,Gd,PConc,Fin,Attchd,Normal,RL,2Story,188000
7,1964,2,NWAmes,TA,TA,TA,CBlock,RFn,Attchd,Normal,RL,2Story,205000
5,816,1,NAmes,TA,TA,TA,CBlock,Unf,Detchd,Normal,RL,1Story,129900
5,1008,1,NAmes,TA,Gd,TA,CBlock,Unf,Attchd,Normal,RL,1Story,134500
5,833,1,OldTown,TA,Gd,TA,CBlock,Unf,Detchd,Normal,RL,1Story,117000
8,1734,3,NridgHt,Gd,Ex,Ex,PConc,RFn,Attchd,Partial,RL,1Story,318000
8,1419,2,Gilbert,Gd,Gd,Gd,PConc,Fin,BuiltIn,Normal,RL,SLvl,184100
5,894,2,Sawyer,TA,Gd,TA,CBlock,RFn,Attchd,Normal,RL,1Story,130000
5,1601,1,Sawyer,TA,TA,TA,CBlock,RFn,BuiltIn,Normal,RL,SLvl,140000
5,1040,1,NAmes,TA,TA,TA,CBlock,RFn,Attchd,Normal,RL,1Story,133700
6,1012,1,IDOTRR,TA,TA,TA,BrkTil,Unf,Detchd,Normal,RM,1Story,118400
7,1552,3,CollgCr,Gd,Gd,Gd,PConc,RFn,Attchd,Partial,RL,1Story,212900
4,960,1,Edwards,TA,TA,TA,CBlock,Unf,Basment,Abnorml,RL,1Story,112000
5,698,0,Edwards,TA,TA,TA,CBlock,,,Normal,RL,1Story,118000
7,1482,2,Gilbert,TA,Gd,Gd,PConc,Fin,Attchd,Normal,RL,SLvl,163900
4,1005,2,NAmes,TA,Fa,TA,CBlock,Unf,Detchd,Normal,RL,1Story,115000
7,1555,3,Blmngtn,Gd,Gd,Gd,PConc,Fin,Attchd,Normal,RL,1Story,174000
7,1530,3,Gilbert,Gd,Gd,Gd,PConc,Fin,Attchd,Family,RL,1Story,259000
7,1959,2,Gilbert,Gd,Gd,Gd,PConc,Fin,BuiltIn,Normal,RL,2Story,215000
5,936,2,OldTown,TA,TA,Gd,CBlock,Unf,Detchd,Normal,RM,SFoyer,140000
4,1981,2,SWISU,TA,Gd,TA,BrkTil,Unf,Detchd,Normal,RL,1.5Fin,135000
5,974,0,Mitchel,TA,TA,Gd,PConc,,,Abnorml,RL,1Story,93500
6,2210,1,OldTown,TA,Fa,TA,BrkTil,Unf,Detchd,Normal,RM,2Story,117500
8,2020,2,SawyerW,Gd,Gd,Gd,PConc,RFn,Attchd,Normal,RL,2Story,239500
6,1600,2,Gilbert,TA,TA,Gd,PConc,Fin,Attchd,Normal,RL,2Story,169000
6,986,1,BrkSide,TA,TA,TA,BrkTil,Unf,Detchd,Normal,RM,1Story,102000
6,1252,1,NAmes,TA,TA,TA,CBlock,Unf,Attchd,Abnorml,RL,1.5Fin,119000
5,1020,0,Sawyer,TA,TA,TA,CBlock,,,Normal,RL,1.5Fin,94000
6,1567,2,Mitchel,TA,Gd,TA,PConc,RFn,Attchd,Normal,RL,1Story,196000
5,1167,2,BrkSide,TA,TA,TA,BrkTil,Unf,Detchd,Normal,RL,1Story,144000
5,952,2,NAmes,TA,TA,TA,CBlock,Unf,Detchd,Abnorml,RL,1Story,139000
5,1868,2,NWAmes,TA,Gd,TA,CBlock,Unf,Attchd,Normal,RL,2Story,197500
8,2828,3,CollgCr,Gd,Gd,Ex,PConc,RFn,BuiltIn,Partial,RL,2Story,424870
5,1006,0,Sawyer,TA,TA,TA,CBlock,,,Normal,RL,1Story,80000
4,924,1,Edwards,TA,Fa,Gd,BrkTil,Unf,Detchd,Normal,RL,1.5Fin,80000
5,1576,1,BrkSide,TA,TA,TA,BrkTil,Unf,Detchd,Family,RM,1.5Fin,149000
6,1298,2,SawyerW,Gd,Gd,Gd,CBlock,Unf,Attchd,Normal,RL,1Story,180000
7,1564,1,Crawfor,TA,Fa,TA,CBlock,Unf,Attchd,Normal,RL,2Story,174500
7,1111,1,OldTown,TA,TA,TA,PConc,Unf,Detchd,Normal,RM,1.5Fin,116900
7,1482,2,OldTown,TA,TA,TA,PConc,Unf,Detchd,Normal,RM,2Story,143000
6,932,1,NAmes,TA,Gd,TA,CBlock,Unf,Attchd,Normal,RL,1Story,124000
5,1466,2,Edwards,TA,Fa,TA,CBlock,Fin,Attchd,Normal,RL,1Story,149900
6,1811,2,Crawfor,TA,Ex,TA,PConc,Fin,Attchd,Abnorml,RL,1Story,230000
6,816,1,IDOTRR,Gd,TA,TA,BrkTil,Unf,Detchd,Normal,RM,1Story,120500
7,1820,2,NAmes,TA,Gd,TA,CBlock,Unf,Attchd,Normal,RL,2Story,201800
5,1437,2,Veenker,Gd,Gd,Gd,CBlock,RFn,Attchd,Normal,RL,1Story,218000
5,1265,2,NAmes,TA,Gd,TA,PConc,RFn,Attchd,Normal,RL,SLvl,179900
7,1314,2,NridgHt,Gd,Gd,Gd,PConc,RFn,Attchd,Normal,RL,1Story,230000
8,1580,3,Somerst,Gd,Gd,Gd,PConc,RFn,Attchd,Partial,RL,1Story,235128
6,1876,2,NWAmes,Gd,Gd,TA,CBlock,RFn,Attchd,Normal,RL,2Story,185000
6,1456,2,NPkVill,TA,TA,Gd,CBlock,Unf,Attchd,Normal,RL,2Story,146000
6,1640,2,Crawfor,Gd,Gd,TA,CBlock,Unf,Detchd,Normal,RL,1Story,224000
5,894,2,Sawyer,TA,TA,Gd,CBlock,Fin,Attchd,Normal,RL,1Story,129000
4,1258,2,Sawyer,TA,TA,Gd,CBlock,Unf,CarPort,Alloca,RL,SFoyer,108959
5,1432,2,Veenker,TA,Gd,Gd,PConc,Unf,Attchd,Normal,RL,SLvl,194000
7,1502,2,NridgHt,Gd,Gd,Gd,PConc,RFn,Attchd,Partial,RL,1Story,233170
8,1694,3,CollgCr,Gd,Gd,Gd,PConc,RFn,Attchd,Normal,RL,1Story,245350
6,1671,2,Gilbert,TA,TA,Gd,PConc,Fin,Attchd,Normal,RL,2Story,173000
6,2108,2,Edwards,TA,Gd,TA,CBlock,Unf,Basment,Normal,RL,2Story,235000
10,3627,3,NoRidge,Gd,Gd,Ex,PConc,Fin,Attchd,Normal,RL,2Story,625000
6,1118,1,Mitchel,TA,TA,TA,CBlock,Fin,Attchd,Normal,RL,SLvl,171000
6,1261,2,NAmes,TA,TA,TA,CBlock,RFn,Attchd,Normal,RL,1Story,163000
7,1250,2,Somerst,Gd,Gd,Gd,PConc,Fin,Detchd,Normal,FV,2Story,171900
5,3086,0,ClearCr,TA,Ex,TA,CBlock,,,Normal,RL,1.5Fin,200500
6,2345,2,Crawfor,TA,TA,Gd,BrkTil,Unf,Detchd,Normal,RL,2Story,239000
8,2872,2,NoRidge,Gd,Gd,Gd,PConc,Fin,Attchd,Normal,RL,1.5Fin,285000
5,923,1,Mitchel,TA,TA,TA,CBlock,Unf,Attchd,Normal,RL,1Story,119500
6,1224,1,OldTown,TA,TA,TA,CBlock,Unf,Detchd,Normal,RM,1.5Fin,115000
5,1343,1,Crawfor,TA,TA,TA,BrkTil,Unf,Detchd,Normal,RL,1.5Fin,154900
5,1124,0,Edwards,TA,TA,,Slab,,,Normal,RL,1Story,93000
7,2514,2,Timber,TA,TA,Gd,Wood,Fin,Attchd,Normal,RL,2Story,250000
8,1652,2,Crawfor,Ex,Gd,Ex,PConc,Fin,Attchd,Partial,RM,1Story,392500
10,4476,3,NoRidge,Gd,Ex,Ex,PConc,Fin,Attchd,Abnorml,RL,2Story,745000
5,1130,2,OldTown,TA,TA,TA,BrkTil,Unf,Detchd,Normal,RL,1Story,120000
5,1572,3,Timber,TA,TA,TA,CBlock,RFn,2Types,Normal,RL,1Story,186700
5,1221,1,Edwards,TA,TA,TA,BrkTil,Unf,Attchd,Normal,RL,1.5Fin,104900
3,1699,2,OldTown,TA,TA,Fa,CBlock,Unf,CarPort,Abnorml,RL,2Story,95000
8,1624,3,NoRidge,Gd,Gd,Gd,PConc,RFn,Attchd,Normal,RL,1Story,262000
7,1660,2,CollgCr,Gd,Gd,Gd,PConc,RFn,Attchd,Normal,RL,2Story,195000
7,1804,2,Gilbert,TA,Gd,TA,PConc,Fin,Attchd,Normal,RL,2Story,189000
4,1622,4,Mitchel,TA,TA,TA,CBlock,Fin,2Types,Normal,RL,1Story,168000
8,1441,2,Somerst,Gd,Gd,Gd,PConc,Unf,Detchd,Normal,FV,2Story,174000
5,1472,1,OldTown,TA,Gd,TA,PConc,Unf,Detchd,Normal,RM,1.5Fin,125000
6,1224,2,Mitchel,TA,TA,Ex,PConc,Fin,Attchd,Normal,RM,1Story,165000
6,1352,1,Sawyer,TA,TA,TA,CBlock,Fin,Attchd,Normal,RL,2Story,158000
6,1456,2,Gilbert,TA,Gd,Gd,PConc,Fin,Attchd,Normal,RL,2Story,176000
7,1863,3,Gilbert,Gd,Gd,Gd,PConc,Fin,BuiltIn,Partial,RL,2Story,219210
7,1690,1,OldTown,TA,TA,TA,BrkTil,Unf,Detchd,Normal,RM,2.5Unf,144000
7,1212,2,CollgCr,Gd,Gd,Gd,PConc,RFn,Attchd,Normal,RL,1Story,178000
4,1382,2,Sawyer,TA,TA,TA,CBlock,Unf,Attchd,Normal,RL,1Story,148000
4,864,1,NAmes,TA,TA,TA,CBlock,Unf,Attchd,Abnorml,RL,1Story,116050
7,1779,2,CollgCr,TA,Gd,Gd,PConc,RFn,Attchd,Normal,RL,2Story,197900
5,1348,1,BrkSide,TA,TA,TA,BrkTil,Unf,Detchd,Normal,RM,1.5Fin,117000
7,1630,2,CollgCr,Gd,Gd,Gd,PConc,Unf,Attchd,Normal,RL,1Story,213000
5,1074,2,NWAmes,TA,TA,Gd,CBlock,RFn,Attchd,Normal,RL,1Story,153500
7,2196,3,SawyerW,Gd,Gd,Gd,CBlock,RFn,Attchd,Normal,RL,1Story,271900
4,1056,1,SawyerW,TA,TA,TA,CBlock,Unf,Detchd,Normal,RH,1Story,107000
6,1700,2,CollgCr,Gd,Gd,Gd,PConc,RFn,Attchd,Normal,RL,1Story,200000
5,1283,2,NAmes,TA,TA,TA,CBlock,Unf,Detchd,Normal,RL,1Story,140000
8,1660,2,Somerst,Gd,Gd,Ex,PConc,RFn,Attchd,Partial,RL,1Story,290000
6,1845,2,SawyerW,Gd,Gd,Gd,PConc,RFn,Attchd,Normal,RL,2Story,189000
8,1752,2,Gilbert,Gd,TA,Gd,Wood,RFn,Basment,Normal,RL,1.5Fin,164000
4,672,1,Edwards,TA,TA,TA,CBlock,Unf,Attchd,Normal,RL,1Story,113000
4,960,1,Sawyer,TA,TA,TA,CBlock,Unf,Attchd,Normal,RL,SLvl,145000
5,999,1,NAmes,TA,TA,TA,CBlock,Unf,Attchd,Normal,RL,SFoyer,134500
5,894,1,Sawyer,TA,TA,TA,CBlock,RFn,Detchd,Normal,RL,1Story,125000
6,1902,2,Sawyer,TA,TA,,Slab,Unf,Attchd,Normal,RM,1.5Fin,112000
8,1314,2,Somerst,Gd,Gd,Gd,PConc,RFn,Attchd,Partial,FV,1Story,229456
4,912,0,BrkSide,TA,TA,,Slab,,,Normal,RM,1.5Fin,80500
6,1218,0,BrDale,TA,TA,TA,CBlock,,,Abnorml,RM,2Story,91500
5,912,1,NAmes,TA,TA,TA,CBlock,Unf,Attchd,Abnorml,RL,1Story,115000
5,1211,1,Sawyer,TA,TA,TA,CBlock,Unf,Attchd,Normal,RL,1Story,134000
6,1846,1,NAmes,TA,TA,TA,CBlock,Unf,Attchd,Normal,RL,1.5Fin,143000
5,2136,2,NAmes,TA,TA,TA,CBlock,Unf,Detchd,Normal,RL,1Story,137900
7,1490,2,Gilbert,Gd,Gd,Gd,PConc,Fin,Attchd,Normal,RL,2Story,184000
6,1138,1,NAmes,TA,TA,TA,CBlock,RFn,Attchd,Normal,RL,SLvl,145000
6,1933,3,Somerst,Gd,Gd,Gd,PConc,Fin,BuiltIn,Normal,RL,2Story,214000
5,912,2,NAmes,TA,Gd,TA,CBlock,Unf,Detchd,Normal,RL,1Story,147000
9,1702,3,NridgHt,Ex,Ex,Ex,PConc,Fin,Attchd,Partial,RL,1Story,367294
5,1507,1,NAmes,TA,TA,TA,CBlock,Unf,Basment,Normal,RL,SLvl,127000
5,2620,2,Sawyer,TA,TA,Gd,CBlock,RFn,BuiltIn,Normal,RL,1.5Fin,190000
5,1190,2,NAmes,TA,TA,TA,CBlock,Unf,Attchd,Normal,RL,SLvl,132500
4,1224,2,NAmes,TA,TA,,Slab,Unf,CarPort,Normal,RL,1Story,101800
5,1188,2,NAmes,TA,TA,TA,CBlock,RFn,Attchd,Abnorml,RL,1Story,142000
5,1964,0,SWISU,TA,TA,TA,PConc,,,Abnorml,RH,2Story,130000
5,1784,1,Crawfor,TA,TA,Gd,BrkTil,Unf,Detchd,Normal,RL,2Story,138887
7,1626,2,NridgHt,Gd,Gd,Gd,PConc,RFn,BuiltIn,Normal,RL,2Story,175500
7,1948,2,CollgCr,Gd,Gd,Gd,PConc,Fin,BuiltIn,Normal,RL,2Story,195000
6,1141,2,SawyerW,Gd,TA,Gd,PConc,Unf,Detchd,Abnorml,RL,1Story,142500
8,1484,2,Timber,Gd,Ex,Gd,PConc,RFn,Attchd,Normal,RL,1Story,265900
7,1768,2,CollgCr,Gd,Gd,Gd,PConc,RFn,Attchd,Normal,RL,2Story,224900
7,1689,3,Somerst,Gd,Gd,Gd,PConc,RFn,Attchd,Partial,RL,1Story,248328
7,1173,2,NWAmes,TA,Gd,Gd,CBlock,RFn,Attchd,Family,RL,SFoyer,170000
10,2076,3,NridgHt,Ex,Ex,Ex,PConc,Fin,Attchd,Partial,RL,1Story,465000
8,1517,2,Crawfor,TA,Gd,Gd,PConc,Unf,Detchd,Normal,RL,2Story,230000
6,1868,2,NWAmes,TA,TA,Gd,CBlock,Fin,BuiltIn,Abnorml,RL,SLvl,178000
7,1553,2,Somerst,Gd,Gd,Gd,PConc,RFn,Attchd,Partial,FV,2Story,186500
6,1034,3,Mitchel,TA,TA,TA,CBlock,Unf,Attchd,Normal,RL,SLvl,169900
6,2058,2,OldTown,TA,TA,Gd,BrkTil,Unf,Detchd,Normal,RM,2.5Unf,129500
5,988,1,NAmes,TA,TA,TA,CBlock,Unf,Attchd,Normal,RL,1Story,119000
7,2110,2,NAmes,Gd,Ex,TA,CBlock,Fin,Attchd,Normal,RL,1Story,244000
7,1405,2,NridgHt,Gd,Gd,Gd,PConc,RFn,Attchd,Normal,RL,1Story,171750
5,874,1,Mitchel,TA,TA,TA,CBlock,RFn,Attchd,Normal,RL,1Story,130000
7,2167,2,Veenker,Gd,Gd,TA,CBlock,RFn,Attchd,Normal,RL,2Story,294000
7,1656,2,Edwards,Gd,Gd,Gd,PConc,Fin,BuiltIn,Normal,RL,2Story,165400
6,1367,1,BrkSide,TA,TA,TA,BrkTil,Unf,Detchd,Normal,RM,1.5Fin,127500
8,1987,2,NoRidge,Gd,Gd,Gd,PConc,Fin,Attchd,Normal,RL,1Story,301500
5,864,0,Edwards,TA,TA,Fa,PConc,,,Normal,RL,1Story,99900
7,1166,2,Gilbert,Gd,Gd,Gd,PConc,Fin,Attchd,Normal,RL,SLvl,190000
6,1054,2,NAmes,TA,TA,Gd,CBlock,Unf,Attchd,Normal,RL,1Story,151000
6,1675,2,Gilbert,TA,TA,Gd,PConc,Fin,BuiltIn,Normal,RL,2Story,181000
5,1050,1,NAmes,TA,TA,TA,CBlock,Unf,Attchd,Normal,RL,1Story,128900
4,1788,1,ClearCr,TA,TA,TA,CBlock,Unf,Attchd,Normal,RL,1.5Fin,161500
6,1824,2,BrkSide,TA,TA,TA,PConc,Unf,Detchd,Normal,RL,2Story,180500
6,1337,2,NAmes,Gd,Gd,Gd,PConc,Fin,Attchd,Abnorml,RH,1Story,181000
7,1452,2,Somerst,Gd,Gd,Gd,PConc,Unf,Detchd,Normal,FV,2Story,183900
7,1889,1,OldTown,Fa,TA,TA,CBlock,Unf,Detchd,Normal,RM,2.5Unf,122000
9,2018,3,Timber,Ex,Ex,Ex,PConc,Fin,Attchd,Normal,RL,1Story,378500
8,3447,3,Crawfor,TA,Gd,TA,CBlock,Unf,BuiltIn,Normal,RL,1.5Fin,381000
5,1524,1,NAmes,TA,TA,TA,CBlock,Unf,Attchd,Normal,RL,1.5Fin,144000
7,1524,2,ClearCr,Gd,Gd,Gd,PConc,Fin,Attchd,Normal,RL,1Story,260000
6,1489,2,NWAmes,TA,Gd,TA,CBlock,RFn,Attchd,Normal,RL,1Story,185750
5,935,1,Sawyer,TA,TA,TA,CBlock,Unf,Attchd,Normal,RL,1Story,137000
6,1357,1,Edwards,TA,Ex,TA,CBlock,RFn,Basment,Normal,RL,SLvl,177000
5,1250,2,Crawfor,TA,TA,TA,PConc,Unf,Detchd,Normal,RL,1.5Fin,139000
5,1920,2,NAmes,TA,TA,TA,CBlock,Unf,Detchd,Normal,RL,2Story,137000
6,1395,2,NWAmes,TA,TA,TA,CBlock,Unf,Attchd,Normal,RL,2Story,162000
6,1724,2,NWAmes,TA,TA,Gd,CBlock,RFn,Attchd,Normal,RL,SLvl,197900
8,2031,2,CollgCr,Gd,Gd,Gd,PConc,RFn,Attchd,Normal,RL,2Story,237000
4,1128,2,IDOTRR,TA,TA,TA,CBlock,RFn,Detchd,Abnorml,C (all),1.5Fin,68400
7,1573,2,CollgCr,Gd,Gd,Gd,PConc,RFn,Attchd,Normal,RL,1Story,227000
7,1339,2,Timber,TA,TA,Gd,CBlock,Fin,Attchd,Normal,RL,1Story,180000
5,1040,2,CollgCr,TA,Gd,Gd,CBlock,Unf,Detchd,Normal,RL,1Story,150500
6,1824,0,Mitchel,TA,TA,TA,CBlock,,,Normal,RL,2Story,139000
6,2447,1,SWISU,TA,Gd,TA,PConc,Unf,Detchd,Normal,RL,1.5Fin,169000
6,1412,1,BrkSide,TA,TA,TA,CBlock,Unf,Detchd,Normal,RM,1.5Fin,132500
6,1328,2,NWAmes,TA,TA,TA,CBlock,Unf,Attchd,Normal,RL,1Story,143000
5,1582,2,ClearCr,TA,TA,TA,CBlock,Unf,Attchd,Normal,RL,1Story,190000
8,1659,2,StoneBr,Gd,Ex,Gd,PConc,Fin,Attchd,Normal,RL,1Story,278000
8,1970,3,NridgHt,Gd,Ex,Gd,PConc,Fin,BuiltIn,Partial,RL,2Story,281000
5,1152,2,NAmes,TA,TA,TA,PConc,RFn,Attchd,Normal,RL,SLvl,180500
5,1302,1,BrDale,TA,TA,TA,CBlock,Unf,Detchd,Normal,RM,2Story,119500
5,2372,1,OldTown,TA,TA,TA,Stone,RFn,Attchd,Normal,RM,2Story,107500
7,1664,2,NWAmes,TA,TA,Gd,PConc,RFn,Attchd,Normal,RL,2Story,162900
5,864,2,Edwards,TA,TA,TA,CBlock,Unf,Detchd,Normal,RL,1Story,115000
5,1052,1,NAmes,TA,TA,TA,CBlock,RFn,Attchd,Normal,RL,1Story,138500
5,1128,2,NAmes,TA,TA,TA,CBlock,RFn,Attchd,Normal,RL,1Story,155000
6,1072,2,Edwards,TA,TA,Gd,PConc,Fin,Basment,Partial,RM,SFoyer,140000
10,5642,2,Edwards,Ex,Ex,Ex,PConc,Fin,Attchd,Partial,RL,2Story,160000
5,1246,1,NAmes,TA,Gd,TA,CBlock,RFn,Attchd,Normal,RL,1Story,154000
7,1983,2,Gilbert,Gd,Gd,Gd,PConc,Fin,Attchd,Normal,RL,2Story,225000
6,1494,1,Crawfor,TA,Gd,TA,CBlock,Unf,Attchd,Normal,RL,2Story,177500
8,2526,3,NoRidge,Gd,Gd,Gd,PConc,RFn,Attchd,Normal,RL,2Story,290000
7,1616,3,Somerst,Gd,Gd,Gd,PConc,RFn,Attchd,Normal,RL,1Story,232000
7,1708,2,Edwards,Gd,Gd,Gd,PConc,Unf,Detchd,Normal,RM,2Story,130000
9,1652,2,NridgHt,Gd,Ex,Ex,PConc,Fin,Attchd,Normal,RL,1Story,325000
7,1368,2,NridgHt,Gd,Gd,Gd,PConc,RFn,Attchd,Partial,RL,1Story,202500
5,990,2,CollgCr,TA,TA,Gd,PConc,Unf,Detchd,Normal,RL,1Story,138000
5,1122,2,OldTown,TA,Gd,TA,CBlock,Unf,Attchd,Normal,RM,1Story,147000
6,1294,2,SawyerW,TA,Gd,Gd,CBlock,RFn,Attchd,Normal,RL,1Story,179200
7,1902,2,Crawfor,Gd,Ex,Gd,PConc,Fin,Attchd,Normal,RL,1Story,335000
7,1274,2,CollgCr,Gd,Gd,Gd,PConc,RFn,Attchd,Partial,RL,1Story,203000
8,2810,2,NoRidge,Gd,Gd,Ex,PConc,RFn,Attchd,Normal,RL,2Story,302000
9,2599,3,NoRidge,Gd,Gd,Gd,PConc,Fin,BuiltIn,Normal,RL,2Story,333168
4,948,1,Edwards,TA,TA,TA,CBlock,Unf,Detchd,Normal,RL,1Story,119000
6,2112,2,NAmes,TA,TA,Fa,CBlock,Unf,Attchd,Normal,RL,2Story,206900
8,1630,3,CollgCr,Gd,Ex,Ex,PConc,RFn,Attchd,Normal,RL,1Story,295493
7,1352,2,Somerst,Gd,Gd,Ex,PConc,RFn,Attchd,Partial,FV,1Story,208900
8,1787,3,CollgCr,Gd,Gd,Gd,PConc,RFn,Attchd,Normal,RL,1Story,275000
4,948,1,Edwards,TA,TA,TA,PConc,Unf,Attchd,Normal,RL,1Story,111000
6,1478,2,NAmes,TA,TA,TA,CBlock,RFn,Attchd,Normal,RL,1Story,156500
3,720,1,BrkSide,TA,TA,,CBlock,Unf,Detchd,Normal,RL,1Story,72500
7,1923,2,NoRidge,Gd,Gd,Gd,PConc,RFn,Attchd,Normal,RL,2Story,190000
4,708,0,BrkSide,Fa,Fa,TA,CBlock,,,Normal,RL,1Story,82500
8,1795,3,Somerst,Gd,Gd,Ex,PConc,RFn,Attchd,Partial,RL,1Story,147000
4,796,0,IDOTRR,TA,TA,TA,BrkTil,,,Normal,RM,1Story,55000
3,774,0,Edwards,TA,Gd,TA,BrkTil,,,Normal,RH,1Story,79000
5,816,1,Mitchel,Gd,Gd,TA,CBlock,Unf,Attchd,Normal,RL,1Story,130500
6,2792,2,OldTown,Gd,TA,Gd,BrkTil,Unf,Detchd,Normal,RM,1.5Fin,256000
7,1632,2,Gilbert,TA,TA,Gd,PConc,Fin,Attchd,Normal,RL,2Story,176500
8,1588,3,Somerst,Gd,Gd,Gd,PConc,RFn,Attchd,Normal,RL,1Story,227000
5,954,2,CollgCr,TA,TA,TA,CBlock,Unf,Detchd,Normal,RL,SLvl,132500
4,816,1,Edwards,TA,TA,TA,CBlock,Unf,Detchd,Normal,RL,1Story,100000
5,1360,1,IDOTRR,TA,Gd,TA,CBlock,Unf,Detchd,Normal,RM,1.5Fin,125500
5,1365,2,BrDale,TA,TA,TA,CBlock,Unf,Attchd,Normal,RM,2Story,125000
6,1334,2,NWAmes,TA,TA,Gd,CBlock,RFn,Attchd,Normal,RL,1Story,167900
5,1656,2,NWAmes,TA,TA,TA,CBlock,Unf,Detchd,Normal,RL,1Story,135000
4,693,0,OldTown,TA,Fa,TA,CBlock,,,Normal,RM,1Story,52500
7,1861,2,CollgCr,Gd,Gd,Gd,PConc,RFn,BuiltIn,Normal,RL,2Story,200000
5,864,1,CollgCr,TA,TA,TA,CBlock,RFn,Attchd,Normal,RL,1Story,128500
4,872,4,NAmes,TA,TA,TA,CBlock,Unf,Detchd,Normal,RL,1Story,123000
6,1114,2,SawyerW,TA,Gd,Gd,PConc,Unf,Detchd,Normal,RL,1Story,155000
8,2169,2,CollgCr,Gd,Gd,Gd,PConc,RFn,Attchd,Normal,RL,2Story,228500
6,1913,2,Crawfor,TA,TA,TA,BrkTil,Unf,Detchd,Normal,RL,1.5Fin,177000
7,1456,2,CollgCr,Gd,Gd,Gd,PConc,Fin,Attchd,Partial,RL,2Story,155835
4,960,1,OldTown,TA,Fa,TA,PConc,Unf,Detchd,Normal,RM,1Story,108500
7,2156,2,NWAmes,TA,TA,TA,CBlock,RFn,Attchd,Normal,RL,1Story,262500
8,1776,3,Timber,Gd,Gd,Ex,PConc,Fin,Attchd,Partial,RL,1Story,283463
7,1494,2,SawyerW,Gd,Gd,Gd,PConc,RFn,Attchd,Normal,RL,1Story,215000
8,2358,0,OldTown,TA,TA,TA,BrkTil,,,Normal,RM,2Story,122000
5,2634,4,NAmes,TA,TA,TA,CBlock,Unf,Detchd,Normal,RL,2Story,200000
6,1716,2,NAmes,TA,TA,TA,CBlock,Fin,Attchd,Normal,RL,2Story,171000
6,1176,2,BrkSide,Gd,TA,TA,BrkTil,Unf,Detchd,Normal,RM,1.5Fin,134900
8,3238,3,NoRidge,Gd,Gd,Gd,PConc,Fin,Attchd,Normal,RL,1.5Fin,410000
7,1865,3,CollgCr,Gd,Gd,Gd,PConc,RFn,Attchd,Normal,RL,2Story,235000
7,1920,2,NWAmes,TA,Gd,TA,CBlock,RFn,Attchd,Normal,RL,SLvl,170000
5,892,1,NAmes,TA,TA,TA,CBlock,RFn,Attchd,Normal,RL,1Story,110000
5,1078,2,NAmes,TA,TA,TA,CBlock,Fin,Attchd,Normal,RL,1Story,149900
6,1573,2,Somerst,Gd,Gd,Gd,PConc,Unf,Detchd,Normal,FV,2Story,177500
9,1980,3,NridgHt,Gd,Ex,Ex,PConc,Fin,Attchd,Normal,RL,1Story,315000
5,2601,2,SWISU,TA,TA,TA,BrkTil,RFn,BuiltIn,Normal,RL,2Story,189000
7,1530,2,StoneBr,Gd,Gd,Ex,PConc,Fin,Attchd,Normal,RL,1Story,260000
4,1738,1,NAmes,TA,TA,TA,BrkTil,Unf,Attchd,Normal,RL,1.5Fin,104900
6,1412,2,Gilbert,TA,Gd,Gd,PConc,Fin,BuiltIn,Partial,RL,2Story,156932
7,1200,2,Somerst,Gd,Gd,Gd,PConc,RFn,Detchd,Abnorml,FV,2Story,144152
7,1674,2,Somerst,Gd,Gd,Gd,PConc,RFn,Attchd,Normal,FV,2Story,216000
7,1790,2,CollgCr,Gd,Gd,Gd,PConc,RFn,Attchd,Abnorml,RL,2Story,193000
5,1475,1,MeadowV,TA,TA,TA,PConc,RFn,Attchd,Normal,RM,2Story,127000
6,848,2,CollgCr,Gd,Gd,Gd,PConc,Fin,Attchd,Normal,RM,1Story,144000
8,1668,2,CollgCr,Gd,Gd,Gd,PConc,Fin,Attchd,Normal,RL,1Story,232000
4,1374,1,OldTown,Fa,TA,TA,PConc,Fin,Detchd,Normal,RL,1.5Fin,105000
6,1661,1,NAmes,TA,Gd,TA,CBlock,RFn,BuiltIn,Normal,RL,SLvl,165500
7,2097,2,CollgCr,TA,Gd,Gd,PConc,RFn,Detchd,Normal,RL,2Story,274300
10,2633,3,NoRidge,Ex,Ex,Ex,PConc,RFn,Attchd,Normal,RL,1Story,466500
7,1958,3,Somerst,Gd,Gd,Gd,PConc,Fin,Attchd,Normal,FV,2Story,250000
8,1571,3,Timber,Gd,Gd,Gd,PConc,Fin,Attchd,Partial,RL,1Story,239000
6,790,1,SWISU,TA,TA,Gd,BrkTil,Unf,Detchd,Normal,RL,1Story,91000
5,1604,2,Edwards,TA,TA,TA,CBlock,Unf,Detchd,Normal,RL,1.5Fin,117000
6,987,1,BrDale,TA,TA,TA,CBlock,Unf,Detchd,Normal,RM,2Story,83000
5,1394,2,Timber,TA,Gd,Gd,PConc,Fin,BuiltIn,Normal,RL,SLvl,167500
3,864,1,Edwards,TA,TA,TA,BrkTil,Unf,Detchd,Normal,RL,1Story,58500
6,2117,2,NAmes,TA,TA,TA,CBlock,Fin,Attchd,Normal,RL,1Story,237500
7,1762,2,OldTown,TA,Gd,Fa,BrkTil,Unf,Detchd,Normal,RM,2Story,157000
5,1416,2,Sawyer,TA,Gd,TA,BrkTil,Unf,Attchd,Normal,RL,1Story,112000
6,1258,1,Edwards,TA,TA,TA,BrkTil,Unf,Detchd,Normal,RL,1.5Fin,105000
4,1154,1,IDOTRR,TA,Gd,TA,BrkTil,Unf,Detchd,Normal,RM,1.5Fin,125500
7,2784,2,NWAmes,TA,Gd,Gd,CBlock,RFn,Attchd,Normal,RL,2Story,250000
6,2526,1,OldTown,TA,Gd,TA,BrkTil,Unf,Detchd,Family,RM,1.5Fin,136000
9,1746,3,Gilbert,Ex,Ex,Ex,PConc,Fin,Attchd,Normal,RL,1Story,377500
6,1218,2,BrkSide,TA,TA,TA,BrkTil,Unf,Detchd,Normal,RM,1.5Fin,131000
7,1525,2,CollgCr,Gd,Gd,Gd,PConc,RFn,Attchd,Normal,RL,1Story,235000
5,1584,3,NAmes,TA,TA,TA,CBlock,Unf,Detchd,Normal,RL,1Story,124000
5,900,1,NAmes,TA,TA,TA,CBlock,RFn,Attchd,Normal,RL,SFoyer,123000
6,1912,2,OldTown,TA,TA,Fa,BrkTil,Unf,Detchd,Normal,RM,1.5Fin,163000
7,1500,3,Blmngtn,Gd,Gd,Gd,PConc,Fin,Attchd,Partial,RL,1Story,246578
8,2482,3,Timber,Gd,Gd,Gd,PConc,Fin,BuiltIn,Normal,RL,2Story,281213
5,1687,2,Timber,TA,TA,TA,CBlock,Unf,Detchd,Normal,RL,1Story,160000
5,1513,1,BrkSide,TA,TA,TA,BrkTil,Unf,Detchd,Normal,RM,2Story,137500
5,1904,1,NAmes,TA,TA,TA,CBlock,Unf,Attchd,Normal,RL,1.5Fin,138000
6,1608,1,SWISU,TA,Gd,TA,BrkTil,Unf,Detchd,Normal,RL,1.5Fin,137450
6,1158,1,BrkSide,TA,TA,TA,BrkTil,RFn,BuiltIn,Normal,RM,1.5Fin,120000
6,1593,2,Gilbert,TA,TA,TA,PConc,Fin,Attchd,Normal,RL,2Story,193000
7,1294,2,CollgCr,Gd,Gd,Gd,PConc,RFn,Attchd,Partial,RL,1Story,193879
8,1464,3,Somerst,Gd,Gd,Gd,PConc,Unf,Attchd,Normal,RL,1Story,282922
3,1214,3,OldTown,TA,TA,TA,PConc,Unf,Detchd,Family,RL,1.5Fin,105000
8,1646,2,Crawfor,Gd,Gd,Ex,PConc,Fin,Attchd,Normal,RM,1Story,275000
5,768,2,CollgCr,TA,TA,Gd,CBlock,Unf,Detchd,Normal,RL,SFoyer,133000
5,833,0,Mitchel,TA,TA,TA,CBlock,,,Normal,RL,1Story,112000
4,1363,2,OldTown,TA,TA,Fa,CBlock,Unf,Detchd,Normal,RM,2Story,125500
7,2093,2,NWAmes,TA,TA,Gd,CBlock,Fin,Attchd,Normal,RL,2Story,215000
7,1840,2,CollgCr,Gd,Gd,Gd,PConc,RFn,Attchd,Normal,RL,2Story,230000
6,1668,1,NAmes,TA,TA,TA,CBlock,Unf,Attchd,Normal,RL,1.5Fin,140000
4,1040,2,NAmes,TA,TA,,Slab,Unf,Detchd,Normal,RL,1Story,90000
8,1844,2,SawyerW,Gd,Gd,Gd,PConc,Fin,Attchd,Abnorml,RL,1Story,257000
6,1848,2,BrkSide,TA,Gd,TA,BrkTil,Unf,Detchd,Normal,RL,1.5Fin,207000
7,1569,3,Blmngtn,Gd,Gd,Gd,PConc,RFn,Attchd,Normal,RL,1Story,175900
4,2290,2,OldTown,TA,TA,TA,PConc,Unf,Detchd,Normal,RM,2Story,122500
8,2450,3,NoRidge,Gd,Gd,Gd,PConc,Fin,Attchd,Normal,RL,2Story,340000
5,1144,1,NAmes,TA,TA,TA,CBlock,Unf,Detchd,Normal,RL,1Story,124000
6,1844,2,Crawfor,Gd,Gd,TA,CBlock,RFn,Attchd,Normal,RL,1Story,223000
6,1416,2,NWAmes,TA,TA,TA,CBlock,RFn,Attchd,Normal,RL,2Story,179900
6,1069,2,NPkVill,TA,TA,Gd,CBlock,RFn,Attchd,Normal,RL,1Story,127500
6,848,2,CollgCr,Gd,Gd,Gd,PConc,Fin,Attchd,Normal,RM,1Story,136500
6,2201,2,Edwards,Gd,Gd,Gd,CBlock,Unf,Attchd,Alloca,RL,SLvl,274970
5,1344,1,NAmes,TA,TA,TA,CBlock,Unf,Detchd,Normal,RL,1Story,144000
6,1252,2,NAmes,Gd,Gd,TA,CBlock,Unf,Detchd,Normal,RL,1Story,142000
7,2127,2,NoRidge,Gd,Gd,Gd,PConc,RFn,Attchd,Normal,RL,2Story,271000
5,1558,1,NAmes,TA,TA,TA,CBlock,Unf,Attchd,Normal,RL,1.5Fin,140000
5,804,1,OldTown,TA,Gd,TA,CBlock,Unf,Attchd,Abnorml,RM,1Story,119000
6,1440,2,NWAmes,Gd,Gd,Gd,CBlock,Fin,Attchd,Normal,RL,1Story,182900
5,1838,2,Gilbert,Gd,TA,Gd,PConc,Fin,BuiltIn,Normal,RL,2Story,192140
6,958,2,NPkVill,TA,TA,Gd,CBlock,RFn,Attchd,Normal,RL,1Story,143750
4,968,1,OldTown,TA,TA,TA,BrkTil,Unf,Detchd,Normal,RL,1Story,64500
6,1792,2,Gilbert,TA,TA,Gd,PConc,Fin,Attchd,Normal,RL,2Story,186500
5,1126,2,Mitchel,TA,TA,TA,CBlock,RFn,Attchd,Normal,RL,1Story,160000
6,1537,2,NAmes,Gd,Gd,TA,CBlock,RFn,Attchd,Abnorml,RL,1Story,174000
4,864,2,NAmes,TA,TA,TA,PConc,Unf,Detchd,Normal,RL,1Story,120500
8,1932,3,NridgHt,Ex,Ex,Ex,PConc,Fin,Attchd,Partial,RL,1Story,394617
6,1236,2,OldTown,TA,TA,TA,CBlock,Unf,Attchd,Normal,RM,1Story,149700
7,1725,2,NWAmes,TA,TA,TA,CBlock,RFn,Attchd,Normal,RL,SLvl,197000
6,2555,2,Crawfor,TA,TA,Ex,BrkTil,Fin,Detchd,Normal,RL,2.5Fin,191000
6,848,2,CollgCr,Gd,Gd,Gd,PConc,RFn,Attchd,Normal,RM,1Story,149300
10,2007,3,Somerst,Ex,Ex,Ex,PConc,Fin,Attchd,Normal,FV,2Story,310000
6,952,1,BrkSide,TA,Fa,TA,BrkTil,Unf,Detchd,Normal,RL,1.5Unf,121000
7,1422,2,CollgCr,Gd,Gd,Gd,PConc,RFn,Attchd,Normal,RL,1Story,179600
6,913,1,Sawyer,TA,TA,TA,CBlock,Unf,Detchd,Normal,RL,SFoyer,129000
5,1188,1,Mitchel,TA,TA,TA,CBlock,Unf,Attchd,Normal,RL,1Story,157900
8,2090,2,CollgCr,Gd,Gd,Gd,PConc,RFn,Attchd,Normal,RL,2Story,240000
4,1346,1,Edwards,TA,TA,Fa,CBlock,Unf,Detchd,Normal,RL,2Story,112000
5,630,0,MeadowV,TA,Ex,Gd,CBlock,,,Abnorml,RM,SFoyer,92000
5,1792,0,NAmes,TA,TA,Gd,CBlock,,,Normal,RL,2Story,136000
8,1578,3,Somerst,Gd,Ex,Gd,PConc,Fin,Attchd,Partial,RL,1Story,287090
5,1072,2,Edwards,TA,TA,Gd,PConc,Fin,Basment,Normal,RM,SLvl,145000
5,1140,0,Mitchel,TA,TA,Gd,PConc,,,Abnorml,RL,1Story,84500
7,1221,2,Somerst,Gd,Gd,Gd,PConc,RFn,Attchd,Normal,FV,1Story,185000
6,1647,2,Gilbert,TA,TA,Gd,PConc,RFn,Attchd,Normal,RL,2Story,175000
6,2073,2,NWAmes,TA,TA,Gd,CBlock,Unf,Attchd,Normal,RL,1Story,210000
7,2340,1,Crawfor,Ex,Gd,TA,Stone,RFn,Attchd,Normal,RL,2Story,266500
5,1078,1,NAmes,TA,Gd,TA,CBlock,Unf,Attchd,Normal,RL,1Story,142125
5,1256,1,Edwards,Gd,TA,TA,CBlock,Fin,Attchd,Normal,RL,1Story,147500
